post_id,username,poster_followers,text_preview,published_at,bucket_ts,age_minutes,views,likes,replies,reposts,quotes,delta_views,delta_likes,delta_replies,delta_reposts,delta_quotes,delta_engagement_rate,virality_score
35a761f2-fec9-4f22-a408-502cce58653c,ralf_oraoraora,0,"最近用 Ghostty 常閃退，每次重開 session 都有點小崩潰

現在在試不同的終端機工具
",2026-01-09 14:55:39+00,2026-01-09 15:15:00+00,19.3500000000000000,0,1,0,0,0,0,1,0,0,0,0,0
35a761f2-fec9-4f22-a408-502cce58653c,ralf_oraoraora,0,"最近用 Ghostty 常閃退，每次重開 session 都有點小崩潰

現在在試不同的終端機工具
",2026-01-09 14:55:39+00,2026-01-09 15:30:00+00,34.3500000000000000,190,1,0,0,0,190,0,0,0,0,0.0000,0.5263
35a761f2-fec9-4f22-a408-502cce58653c,ralf_oraoraora,0,"最近用 Ghostty 常閃退，每次重開 session 都有點小崩潰

現在在試不同的終端機工具
",2026-01-09 14:55:39+00,2026-01-09 16:00:00+00,64.3500000000000000,300,1,0,0,0,110,0,0,0,0,0.0000,0.3333
35a761f2-fec9-4f22-a408-502cce58653c,ralf_oraoraora,0,"最近用 Ghostty 常閃退，每次重開 session 都有點小崩潰

現在在試不同的終端機工具
",2026-01-09 14:55:39+00,2026-01-09 16:30:00+00,94.3500000000000000,315,1,2,0,0,15,0,2,0,0,13.3333,2.2222
35a761f2-fec9-4f22-a408-502cce58653c,ralf_oraoraora,0,"最近用 Ghostty 常閃退，每次重開 session 都有點小崩潰

現在在試不同的終端機工具
",2026-01-09 14:55:39+00,2026-01-09 16:45:00+00,109.3500000000000000,341,1,2,0,0,26,0,0,0,0,0.0000,2.0528
35a761f2-fec9-4f22-a408-502cce58653c,ralf_oraoraora,0,"最近用 Ghostty 常閃退，每次重開 session 都有點小崩潰

現在在試不同的終端機工具
",2026-01-09 14:55:39+00,2026-01-09 17:15:00+00,139.3500000000000000,381,1,2,0,0,40,0,0,0,0,0.0000,1.8373
35a761f2-fec9-4f22-a408-502cce58653c,ralf_oraoraora,0,"最近用 Ghostty 常閃退，每次重開 session 都有點小崩潰

現在在試不同的終端機工具
",2026-01-09 14:55:39+00,2026-01-09 17:45:00+00,169.3500000000000000,400,1,2,0,0,19,0,0,0,0,0.0000,1.7500
35a761f2-fec9-4f22-a408-502cce58653c,ralf_oraoraora,0,"最近用 Ghostty 常閃退，每次重開 session 都有點小崩潰

現在在試不同的終端機工具
",2026-01-09 14:55:39+00,2026-01-09 18:00:00+00,184.3500000000000000,412,1,2,0,0,12,0,0,0,0,0.0000,1.6990
35a761f2-fec9-4f22-a408-502cce58653c,ralf_oraoraora,0,"最近用 Ghostty 常閃退，每次重開 session 都有點小崩潰

現在在試不同的終端機工具
",2026-01-09 14:55:39+00,2026-01-09 18:30:00+00,214.3500000000000000,431,1,2,0,0,19,0,0,0,0,0.0000,1.6241
35a761f2-fec9-4f22-a408-502cce58653c,ralf_oraoraora,0,"最近用 Ghostty 常閃退，每次重開 session 都有點小崩潰

現在在試不同的終端機工具
",2026-01-09 14:55:39+00,2026-01-09 18:45:00+00,229.3500000000000000,431,1,2,0,0,0,0,0,0,0,0,1.6241
35a761f2-fec9-4f22-a408-502cce58653c,ralf_oraoraora,0,"最近用 Ghostty 常閃退，每次重開 session 都有點小崩潰

現在在試不同的終端機工具
",2026-01-09 14:55:39+00,2026-01-09 19:15:00+00,259.3500000000000000,431,1,2,0,0,0,0,0,0,0,0,1.6241
35a761f2-fec9-4f22-a408-502cce58653c,ralf_oraoraora,0,"最近用 Ghostty 常閃退，每次重開 session 都有點小崩潰

現在在試不同的終端機工具
",2026-01-09 14:55:39+00,2026-01-09 19:45:00+00,289.3500000000000000,435,1,3,0,0,4,0,1,0,0,25.0000,2.2989
35a761f2-fec9-4f22-a408-502cce58653c,ralf_oraoraora,0,"最近用 Ghostty 常閃退，每次重開 session 都有點小崩潰

現在在試不同的終端機工具
",2026-01-09 14:55:39+00,2026-01-09 20:00:00+00,304.3500000000000000,441,1,3,0,0,6,0,0,0,0,0.0000,2.2676
35a761f2-fec9-4f22-a408-502cce58653c,ralf_oraoraora,0,"最近用 Ghostty 常閃退，每次重開 session 都有點小崩潰

現在在試不同的終端機工具
",2026-01-09 14:55:39+00,2026-01-09 20:30:00+00,334.3500000000000000,452,1,3,0,0,11,0,0,0,0,0.0000,2.2124
35a761f2-fec9-4f22-a408-502cce58653c,ralf_oraoraora,0,"最近用 Ghostty 常閃退，每次重開 session 都有點小崩潰

現在在試不同的終端機工具
",2026-01-09 14:55:39+00,2026-01-09 21:00:00+00,364.3500000000000000,467,1,3,0,0,15,0,0,0,0,0.0000,2.1413
35a761f2-fec9-4f22-a408-502cce58653c,ralf_oraoraora,0,"最近用 Ghostty 常閃退，每次重開 session 都有點小崩潰

現在在試不同的終端機工具
",2026-01-09 14:55:39+00,2026-01-09 21:30:00+00,394.3500000000000000,477,1,3,0,0,10,0,0,0,0,0.0000,2.0964
35a761f2-fec9-4f22-a408-502cce58653c,ralf_oraoraora,0,"最近用 Ghostty 常閃退，每次重開 session 都有點小崩潰

現在在試不同的終端機工具
",2026-01-09 14:55:39+00,2026-01-09 22:00:00+00,424.3500000000000000,483,1,3,0,0,6,0,0,0,0,0.0000,2.0704
35a761f2-fec9-4f22-a408-502cce58653c,ralf_oraoraora,0,"最近用 Ghostty 常閃退，每次重開 session 都有點小崩潰

現在在試不同的終端機工具
",2026-01-09 14:55:39+00,2026-01-09 22:15:00+00,439.3500000000000000,483,1,3,0,0,0,0,0,0,0,0,2.0704
35a761f2-fec9-4f22-a408-502cce58653c,ralf_oraoraora,0,"最近用 Ghostty 常閃退，每次重開 session 都有點小崩潰

現在在試不同的終端機工具
",2026-01-09 14:55:39+00,2026-01-09 22:45:00+00,469.3500000000000000,491,1,3,0,0,8,0,0,0,0,0.0000,2.0367
35a761f2-fec9-4f22-a408-502cce58653c,ralf_oraoraora,0,"最近用 Ghostty 常閃退，每次重開 session 都有點小崩潰

現在在試不同的終端機工具
",2026-01-09 14:55:39+00,2026-01-09 23:00:00+00,484.3500000000000000,491,1,3,0,0,0,0,0,0,0,0,2.0367
35a761f2-fec9-4f22-a408-502cce58653c,ralf_oraoraora,0,"最近用 Ghostty 常閃退，每次重開 session 都有點小崩潰

現在在試不同的終端機工具
",2026-01-09 14:55:39+00,2026-01-09 23:30:00+00,514.3500000000000000,497,1,3,0,0,6,0,0,0,0,0.0000,2.0121
35a761f2-fec9-4f22-a408-502cce58653c,ralf_oraoraora,0,"最近用 Ghostty 常閃退，每次重開 session 都有點小崩潰

現在在試不同的終端機工具
",2026-01-09 14:55:39+00,2026-01-10 00:00:00+00,544.3500000000000000,504,1,3,0,0,7,0,0,0,0,0.0000,1.9841
35a761f2-fec9-4f22-a408-502cce58653c,ralf_oraoraora,0,"最近用 Ghostty 常閃退，每次重開 session 都有點小崩潰

現在在試不同的終端機工具
",2026-01-09 14:55:39+00,2026-01-10 00:30:00+00,574.3500000000000000,519,1,3,0,0,15,0,0,0,0,0.0000,1.9268
35a761f2-fec9-4f22-a408-502cce58653c,ralf_oraoraora,0,"最近用 Ghostty 常閃退，每次重開 session 都有點小崩潰

現在在試不同的終端機工具
",2026-01-09 14:55:39+00,2026-01-10 00:45:00+00,589.3500000000000000,521,1,3,0,0,2,0,0,0,0,0.0000,1.9194
35a761f2-fec9-4f22-a408-502cce58653c,ralf_oraoraora,0,"最近用 Ghostty 常閃退，每次重開 session 都有點小崩潰

現在在試不同的終端機工具
",2026-01-09 14:55:39+00,2026-01-10 01:00:00+00,604.3500000000000000,521,1,3,0,0,0,0,0,0,0,0,1.9194
35a761f2-fec9-4f22-a408-502cce58653c,ralf_oraoraora,0,"最近用 Ghostty 常閃退，每次重開 session 都有點小崩潰

現在在試不同的終端機工具
",2026-01-09 14:55:39+00,2026-01-10 01:30:00+00,634.3500000000000000,536,1,3,0,0,15,0,0,0,0,0.0000,1.8657
35a761f2-fec9-4f22-a408-502cce58653c,ralf_oraoraora,0,"最近用 Ghostty 常閃退，每次重開 session 都有點小崩潰

現在在試不同的終端機工具
",2026-01-09 14:55:39+00,2026-01-10 01:45:00+00,649.3500000000000000,539,1,4,0,0,3,0,1,0,0,33.3333,2.4119
35a761f2-fec9-4f22-a408-502cce58653c,ralf_oraoraora,0,"最近用 Ghostty 常閃退，每次重開 session 都有點小崩潰

現在在試不同的終端機工具
",2026-01-09 14:55:39+00,2026-01-10 02:00:00+00,664.3500000000000000,542,1,4,0,0,3,0,0,0,0,0.0000,2.3985
35a761f2-fec9-4f22-a408-502cce58653c,ralf_oraoraora,0,"最近用 Ghostty 常閃退，每次重開 session 都有點小崩潰

現在在試不同的終端機工具
",2026-01-09 14:55:39+00,2026-01-10 02:30:00+00,694.3500000000000000,552,1,4,0,0,10,0,0,0,0,0.0000,2.3551
35a761f2-fec9-4f22-a408-502cce58653c,ralf_oraoraora,0,"最近用 Ghostty 常閃退，每次重開 session 都有點小崩潰

現在在試不同的終端機工具
",2026-01-09 14:55:39+00,2026-01-10 02:45:00+00,709.3500000000000000,563,1,4,0,0,11,0,0,0,0,0.0000,2.3091
35a761f2-fec9-4f22-a408-502cce58653c,ralf_oraoraora,0,"最近用 Ghostty 常閃退，每次重開 session 都有點小崩潰

現在在試不同的終端機工具
",2026-01-09 14:55:39+00,2026-01-10 03:00:00+00,724.3500000000000000,580,1,5,0,0,17,0,1,0,0,5.8824,2.7586
35a761f2-fec9-4f22-a408-502cce58653c,ralf_oraoraora,0,"最近用 Ghostty 常閃退，每次重開 session 都有點小崩潰

現在在試不同的終端機工具
",2026-01-09 14:55:39+00,2026-01-10 03:15:00+00,739.3500000000000000,584,1,5,0,0,4,0,0,0,0,0.0000,2.7397
35a761f2-fec9-4f22-a408-502cce58653c,ralf_oraoraora,0,"最近用 Ghostty 常閃退，每次重開 session 都有點小崩潰

現在在試不同的終端機工具
",2026-01-09 14:55:39+00,2026-01-10 03:45:00+00,769.3500000000000000,602,1,5,0,0,18,0,0,0,0,0.0000,2.6578
35a761f2-fec9-4f22-a408-502cce58653c,ralf_oraoraora,0,"最近用 Ghostty 常閃退，每次重開 session 都有點小崩潰

現在在試不同的終端機工具
",2026-01-09 14:55:39+00,2026-01-10 04:00:00+00,784.3500000000000000,608,1,5,0,0,6,0,0,0,0,0.0000,2.6316
35a761f2-fec9-4f22-a408-502cce58653c,ralf_oraoraora,0,"最近用 Ghostty 常閃退，每次重開 session 都有點小崩潰

現在在試不同的終端機工具
",2026-01-09 14:55:39+00,2026-01-10 04:30:00+00,814.3500000000000000,619,1,7,0,0,11,0,2,0,0,18.1818,3.5541
35a761f2-fec9-4f22-a408-502cce58653c,ralf_oraoraora,0,"最近用 Ghostty 常閃退，每次重開 session 都有點小崩潰

現在在試不同的終端機工具
",2026-01-09 14:55:39+00,2026-01-10 05:00:00+00,844.3500000000000000,628,1,7,0,0,9,0,0,0,0,0.0000,3.5032
35a761f2-fec9-4f22-a408-502cce58653c,ralf_oraoraora,0,"最近用 Ghostty 常閃退，每次重開 session 都有點小崩潰

現在在試不同的終端機工具
",2026-01-09 14:55:39+00,2026-01-10 05:30:00+00,874.3500000000000000,649,1,7,0,0,21,0,0,0,0,0.0000,3.3898
35a761f2-fec9-4f22-a408-502cce58653c,ralf_oraoraora,0,"最近用 Ghostty 常閃退，每次重開 session 都有點小崩潰

現在在試不同的終端機工具
",2026-01-09 14:55:39+00,2026-01-10 06:00:00+00,904.3500000000000000,667,1,7,0,0,18,0,0,0,0,0.0000,3.2984
35a761f2-fec9-4f22-a408-502cce58653c,ralf_oraoraora,0,"最近用 Ghostty 常閃退，每次重開 session 都有點小崩潰

現在在試不同的終端機工具
",2026-01-09 14:55:39+00,2026-01-10 06:30:00+00,934.3500000000000000,675,1,7,0,0,8,0,0,0,0,0.0000,3.2593
35a761f2-fec9-4f22-a408-502cce58653c,ralf_oraoraora,0,"最近用 Ghostty 常閃退，每次重開 session 都有點小崩潰

現在在試不同的終端機工具
",2026-01-09 14:55:39+00,2026-01-10 06:45:00+00,949.3500000000000000,678,1,7,0,0,3,0,0,0,0,0.0000,3.2448
35a761f2-fec9-4f22-a408-502cce58653c,ralf_oraoraora,0,"最近用 Ghostty 常閃退，每次重開 session 都有點小崩潰

現在在試不同的終端機工具
",2026-01-09 14:55:39+00,2026-01-10 07:15:00+00,979.3500000000000000,690,3,7,0,0,12,2,0,0,0,16.6667,3.4783
35a761f2-fec9-4f22-a408-502cce58653c,ralf_oraoraora,0,"最近用 Ghostty 常閃退，每次重開 session 都有點小崩潰

現在在試不同的終端機工具
",2026-01-09 14:55:39+00,2026-01-10 07:30:00+00,994.3500000000000000,698,3,7,0,0,8,0,0,0,0,0.0000,3.4384
35a761f2-fec9-4f22-a408-502cce58653c,ralf_oraoraora,0,"最近用 Ghostty 常閃退，每次重開 session 都有點小崩潰

現在在試不同的終端機工具
",2026-01-09 14:55:39+00,2026-01-10 08:00:00+00,1024.3500000000000000,723,3,7,0,0,25,0,0,0,0,0.0000,3.3195
35a761f2-fec9-4f22-a408-502cce58653c,ralf_oraoraora,0,"最近用 Ghostty 常閃退，每次重開 session 都有點小崩潰

現在在試不同的終端機工具
",2026-01-09 14:55:39+00,2026-01-10 08:15:00+00,1039.3500000000000000,734,3,7,0,0,11,0,0,0,0,0.0000,3.2698
35a761f2-fec9-4f22-a408-502cce58653c,ralf_oraoraora,0,"最近用 Ghostty 常閃退，每次重開 session 都有點小崩潰

現在在試不同的終端機工具
",2026-01-09 14:55:39+00,2026-01-10 08:30:00+00,1054.3500000000000000,771,3,7,0,0,37,0,0,0,0,0.0000,3.1128
35a761f2-fec9-4f22-a408-502cce58653c,ralf_oraoraora,0,"最近用 Ghostty 常閃退，每次重開 session 都有點小崩潰

現在在試不同的終端機工具
",2026-01-09 14:55:39+00,2026-01-10 09:00:00+00,1084.3500000000000000,818,4,7,0,0,47,1,0,0,0,2.1277,3.0562
35a761f2-fec9-4f22-a408-502cce58653c,ralf_oraoraora,0,"最近用 Ghostty 常閃退，每次重開 session 都有點小崩潰

現在在試不同的終端機工具
",2026-01-09 14:55:39+00,2026-01-10 09:15:00+00,1099.3500000000000000,837,4,7,0,0,19,0,0,0,0,0.0000,2.9869
35a761f2-fec9-4f22-a408-502cce58653c,ralf_oraoraora,0,"最近用 Ghostty 常閃退，每次重開 session 都有點小崩潰

現在在試不同的終端機工具
",2026-01-09 14:55:39+00,2026-01-10 09:30:00+00,1114.3500000000000000,837,4,7,0,0,0,0,0,0,0,0,2.9869
35a761f2-fec9-4f22-a408-502cce58653c,ralf_oraoraora,0,"最近用 Ghostty 常閃退，每次重開 session 都有點小崩潰

現在在試不同的終端機工具
",2026-01-09 14:55:39+00,2026-01-10 10:00:00+00,1144.3500000000000000,909,4,7,0,0,72,0,0,0,0,0.0000,2.7503
35a761f2-fec9-4f22-a408-502cce58653c,ralf_oraoraora,0,"最近用 Ghostty 常閃退，每次重開 session 都有點小崩潰

現在在試不同的終端機工具
",2026-01-09 14:55:39+00,2026-01-10 10:15:00+00,1159.3500000000000000,936,4,7,0,0,27,0,0,0,0,0.0000,2.6709
35a761f2-fec9-4f22-a408-502cce58653c,ralf_oraoraora,0,"最近用 Ghostty 常閃退，每次重開 session 都有點小崩潰

現在在試不同的終端機工具
",2026-01-09 14:55:39+00,2026-01-10 10:45:00+00,1189.3500000000000000,969,4,7,0,0,33,0,0,0,0,0.0000,2.5800
35a761f2-fec9-4f22-a408-502cce58653c,ralf_oraoraora,0,"最近用 Ghostty 常閃退，每次重開 session 都有點小崩潰

現在在試不同的終端機工具
",2026-01-09 14:55:39+00,2026-01-10 11:00:00+00,1204.3500000000000000,978,4,7,0,0,9,0,0,0,0,0.0000,2.5562
35a761f2-fec9-4f22-a408-502cce58653c,ralf_oraoraora,0,"最近用 Ghostty 常閃退，每次重開 session 都有點小崩潰

現在在試不同的終端機工具
",2026-01-09 14:55:39+00,2026-01-10 11:30:00+00,1234.3500000000000000,1000,4,7,0,0,22,0,0,0,0,0.0000,2.5000
35a761f2-fec9-4f22-a408-502cce58653c,ralf_oraoraora,0,"最近用 Ghostty 常閃退，每次重開 session 都有點小崩潰

現在在試不同的終端機工具
",2026-01-09 14:55:39+00,2026-01-10 12:00:00+00,1264.3500000000000000,1036,4,7,0,0,36,0,0,0,0,0.0000,2.4131
35a761f2-fec9-4f22-a408-502cce58653c,ralf_oraoraora,0,"最近用 Ghostty 常閃退，每次重開 session 都有點小崩潰

現在在試不同的終端機工具
",2026-01-09 14:55:39+00,2026-01-10 12:30:00+00,1294.3500000000000000,1062,4,7,0,0,26,0,0,0,0,0.0000,2.3540
35a761f2-fec9-4f22-a408-502cce58653c,ralf_oraoraora,0,"最近用 Ghostty 常閃退，每次重開 session 都有點小崩潰

現在在試不同的終端機工具
",2026-01-09 14:55:39+00,2026-01-10 12:45:00+00,1309.3500000000000000,1074,4,7,0,0,12,0,0,0,0,0.0000,2.3277
35a761f2-fec9-4f22-a408-502cce58653c,ralf_oraoraora,0,"最近用 Ghostty 常閃退，每次重開 session 都有點小崩潰

現在在試不同的終端機工具
",2026-01-09 14:55:39+00,2026-01-10 13:15:00+00,1339.3500000000000000,1096,4,7,0,0,22,0,0,0,0,0.0000,2.2810
35a761f2-fec9-4f22-a408-502cce58653c,ralf_oraoraora,0,"最近用 Ghostty 常閃退，每次重開 session 都有點小崩潰

現在在試不同的終端機工具
",2026-01-09 14:55:39+00,2026-01-10 13:45:00+00,1369.3500000000000000,1137,4,7,0,0,41,0,0,0,0,0.0000,2.1988
35a761f2-fec9-4f22-a408-502cce58653c,ralf_oraoraora,0,"最近用 Ghostty 常閃退，每次重開 session 都有點小崩潰

現在在試不同的終端機工具
",2026-01-09 14:55:39+00,2026-01-10 14:00:00+00,1384.3500000000000000,1152,4,7,0,0,15,0,0,0,0,0.0000,2.1701
35a761f2-fec9-4f22-a408-502cce58653c,ralf_oraoraora,0,"最近用 Ghostty 常閃退，每次重開 session 都有點小崩潰

現在在試不同的終端機工具
",2026-01-09 14:55:39+00,2026-01-10 14:15:00+00,1399.3500000000000000,1158,4,7,0,0,6,0,0,0,0,0.0000,2.1589
35a761f2-fec9-4f22-a408-502cce58653c,ralf_oraoraora,0,"最近用 Ghostty 常閃退，每次重開 session 都有點小崩潰

現在在試不同的終端機工具
",2026-01-09 14:55:39+00,2026-01-10 14:30:00+00,1414.3500000000000000,1172,4,7,0,0,14,0,0,0,0,0.0000,2.1331
35a761f2-fec9-4f22-a408-502cce58653c,ralf_oraoraora,0,"最近用 Ghostty 常閃退，每次重開 session 都有點小崩潰

現在在試不同的終端機工具
",2026-01-09 14:55:39+00,2026-01-10 14:45:00+00,1429.3500000000000000,1172,4,7,0,0,0,0,0,0,0,0,2.1331
35a761f2-fec9-4f22-a408-502cce58653c,ralf_oraoraora,0,"最近用 Ghostty 常閃退，每次重開 session 都有點小崩潰

現在在試不同的終端機工具
",2026-01-09 14:55:39+00,2026-01-10 15:00:00+00,1444.3500000000000000,1179,4,7,0,0,7,0,0,0,0,0.0000,2.1204
35a761f2-fec9-4f22-a408-502cce58653c,ralf_oraoraora,0,"最近用 Ghostty 常閃退，每次重開 session 都有點小崩潰

現在在試不同的終端機工具
",2026-01-09 14:55:39+00,2026-01-10 15:15:00+00,1459.3500000000000000,1193,4,7,0,0,14,0,0,0,0,0.0000,2.0956
35a761f2-fec9-4f22-a408-502cce58653c,ralf_oraoraora,0,"最近用 Ghostty 常閃退，每次重開 session 都有點小崩潰

現在在試不同的終端機工具
",2026-01-09 14:55:39+00,2026-01-10 15:30:00+00,1474.3500000000000000,1193,4,7,0,0,0,0,0,0,0,0,2.0956
35a761f2-fec9-4f22-a408-502cce58653c,ralf_oraoraora,0,"最近用 Ghostty 常閃退，每次重開 session 都有點小崩潰

現在在試不同的終端機工具
",2026-01-09 14:55:39+00,2026-01-10 16:00:00+00,1504.3500000000000000,1194,4,7,0,0,1,0,0,0,0,0.0000,2.0938
35a761f2-fec9-4f22-a408-502cce58653c,ralf_oraoraora,0,"最近用 Ghostty 常閃退，每次重開 session 都有點小崩潰

現在在試不同的終端機工具
",2026-01-09 14:55:39+00,2026-01-10 16:15:00+00,1519.3500000000000000,1194,4,7,0,0,0,0,0,0,0,0,2.0938
35a761f2-fec9-4f22-a408-502cce58653c,ralf_oraoraora,0,"最近用 Ghostty 常閃退，每次重開 session 都有點小崩潰

現在在試不同的終端機工具
",2026-01-09 14:55:39+00,2026-01-10 16:30:00+00,1534.3500000000000000,1194,4,7,0,0,0,0,0,0,0,0,2.0938
35a761f2-fec9-4f22-a408-502cce58653c,ralf_oraoraora,0,"最近用 Ghostty 常閃退，每次重開 session 都有點小崩潰

現在在試不同的終端機工具
",2026-01-09 14:55:39+00,2026-01-10 16:45:00+00,1549.3500000000000000,1196,4,7,0,0,2,0,0,0,0,0.0000,2.0903
35a761f2-fec9-4f22-a408-502cce58653c,ralf_oraoraora,0,"最近用 Ghostty 常閃退，每次重開 session 都有點小崩潰

現在在試不同的終端機工具
",2026-01-09 14:55:39+00,2026-01-10 17:00:00+00,1564.3500000000000000,1197,4,7,0,0,1,0,0,0,0,0.0000,2.0886
35a761f2-fec9-4f22-a408-502cce58653c,ralf_oraoraora,0,"最近用 Ghostty 常閃退，每次重開 session 都有點小崩潰

現在在試不同的終端機工具
",2026-01-09 14:55:39+00,2026-01-10 17:15:00+00,1579.3500000000000000,1197,4,8,0,0,0,0,1,0,0,0,2.3392
35a761f2-fec9-4f22-a408-502cce58653c,ralf_oraoraora,0,"最近用 Ghostty 常閃退，每次重開 session 都有點小崩潰

現在在試不同的終端機工具
",2026-01-09 14:55:39+00,2026-01-10 17:30:00+00,1594.3500000000000000,1197,4,8,0,0,0,0,0,0,0,0,2.3392
35a761f2-fec9-4f22-a408-502cce58653c,ralf_oraoraora,0,"最近用 Ghostty 常閃退，每次重開 session 都有點小崩潰

現在在試不同的終端機工具
",2026-01-09 14:55:39+00,2026-01-10 17:45:00+00,1609.3500000000000000,1200,4,8,0,0,3,0,0,0,0,0.0000,2.3333
35a761f2-fec9-4f22-a408-502cce58653c,ralf_oraoraora,0,"最近用 Ghostty 常閃退，每次重開 session 都有點小崩潰

現在在試不同的終端機工具
",2026-01-09 14:55:39+00,2026-01-10 18:00:00+00,1624.3500000000000000,1201,4,8,0,0,1,0,0,0,0,0.0000,2.3314
35a761f2-fec9-4f22-a408-502cce58653c,ralf_oraoraora,0,"最近用 Ghostty 常閃退，每次重開 session 都有點小崩潰

現在在試不同的終端機工具
",2026-01-09 14:55:39+00,2026-01-10 18:15:00+00,1639.3500000000000000,1201,4,8,0,0,0,0,0,0,0,0,2.3314
35a761f2-fec9-4f22-a408-502cce58653c,ralf_oraoraora,0,"最近用 Ghostty 常閃退，每次重開 session 都有點小崩潰

現在在試不同的終端機工具
",2026-01-09 14:55:39+00,2026-01-10 18:30:00+00,1654.3500000000000000,1201,4,8,0,0,0,0,0,0,0,0,2.3314
35a761f2-fec9-4f22-a408-502cce58653c,ralf_oraoraora,0,"最近用 Ghostty 常閃退，每次重開 session 都有點小崩潰

現在在試不同的終端機工具
",2026-01-09 14:55:39+00,2026-01-10 18:45:00+00,1669.3500000000000000,1201,4,8,0,0,0,0,0,0,0,0,2.3314
35a761f2-fec9-4f22-a408-502cce58653c,ralf_oraoraora,0,"最近用 Ghostty 常閃退，每次重開 session 都有點小崩潰

現在在試不同的終端機工具
",2026-01-09 14:55:39+00,2026-01-10 19:00:00+00,1684.3500000000000000,1202,4,8,0,0,1,0,0,0,0,0.0000,2.3295
35a761f2-fec9-4f22-a408-502cce58653c,ralf_oraoraora,0,"最近用 Ghostty 常閃退，每次重開 session 都有點小崩潰

現在在試不同的終端機工具
",2026-01-09 14:55:39+00,2026-01-10 19:15:00+00,1699.3500000000000000,1202,4,8,0,0,0,0,0,0,0,0,2.3295
35a761f2-fec9-4f22-a408-502cce58653c,ralf_oraoraora,0,"最近用 Ghostty 常閃退，每次重開 session 都有點小崩潰

現在在試不同的終端機工具
",2026-01-09 14:55:39+00,2026-01-10 19:30:00+00,1714.3500000000000000,1203,4,8,0,0,1,0,0,0,0,0.0000,2.3275
35a761f2-fec9-4f22-a408-502cce58653c,ralf_oraoraora,0,"最近用 Ghostty 常閃退，每次重開 session 都有點小崩潰

現在在試不同的終端機工具
",2026-01-09 14:55:39+00,2026-01-10 19:45:00+00,1729.3500000000000000,1204,4,8,0,0,1,0,0,0,0,0.0000,2.3256
35a761f2-fec9-4f22-a408-502cce58653c,ralf_oraoraora,0,"最近用 Ghostty 常閃退，每次重開 session 都有點小崩潰

現在在試不同的終端機工具
",2026-01-09 14:55:39+00,2026-01-10 20:00:00+00,1744.3500000000000000,1204,4,8,0,0,0,0,0,0,0,0,2.3256
35a761f2-fec9-4f22-a408-502cce58653c,ralf_oraoraora,0,"最近用 Ghostty 常閃退，每次重開 session 都有點小崩潰

現在在試不同的終端機工具
",2026-01-09 14:55:39+00,2026-01-10 20:15:00+00,1759.3500000000000000,1204,4,8,0,0,0,0,0,0,0,0,2.3256
35a761f2-fec9-4f22-a408-502cce58653c,ralf_oraoraora,0,"最近用 Ghostty 常閃退，每次重開 session 都有點小崩潰

現在在試不同的終端機工具
",2026-01-09 14:55:39+00,2026-01-10 20:30:00+00,1774.3500000000000000,1205,4,8,0,0,1,0,0,0,0,0.0000,2.3237
35a761f2-fec9-4f22-a408-502cce58653c,ralf_oraoraora,0,"最近用 Ghostty 常閃退，每次重開 session 都有點小崩潰

現在在試不同的終端機工具
",2026-01-09 14:55:39+00,2026-01-10 20:45:00+00,1789.3500000000000000,1205,4,8,0,0,0,0,0,0,0,0,2.3237
35a761f2-fec9-4f22-a408-502cce58653c,ralf_oraoraora,0,"最近用 Ghostty 常閃退，每次重開 session 都有點小崩潰

現在在試不同的終端機工具
",2026-01-09 14:55:39+00,2026-01-10 21:00:00+00,1804.3500000000000000,1205,4,8,0,0,0,0,0,0,0,0,2.3237
35a761f2-fec9-4f22-a408-502cce58653c,ralf_oraoraora,0,"最近用 Ghostty 常閃退，每次重開 session 都有點小崩潰

現在在試不同的終端機工具
",2026-01-09 14:55:39+00,2026-01-10 21:15:00+00,1819.3500000000000000,1205,4,8,0,0,0,0,0,0,0,0,2.3237
35a761f2-fec9-4f22-a408-502cce58653c,ralf_oraoraora,0,"最近用 Ghostty 常閃退，每次重開 session 都有點小崩潰

現在在試不同的終端機工具
",2026-01-09 14:55:39+00,2026-01-10 21:30:00+00,1834.3500000000000000,1205,4,8,0,0,0,0,0,0,0,0,2.3237
35a761f2-fec9-4f22-a408-502cce58653c,ralf_oraoraora,0,"最近用 Ghostty 常閃退，每次重開 session 都有點小崩潰

現在在試不同的終端機工具
",2026-01-09 14:55:39+00,2026-01-10 21:45:00+00,1849.3500000000000000,1205,4,8,0,0,0,0,0,0,0,0,2.3237
35a761f2-fec9-4f22-a408-502cce58653c,ralf_oraoraora,0,"最近用 Ghostty 常閃退，每次重開 session 都有點小崩潰

現在在試不同的終端機工具
",2026-01-09 14:55:39+00,2026-01-10 22:00:00+00,1864.3500000000000000,1206,4,8,0,0,1,0,0,0,0,0.0000,2.3217
35a761f2-fec9-4f22-a408-502cce58653c,ralf_oraoraora,0,"最近用 Ghostty 常閃退，每次重開 session 都有點小崩潰

現在在試不同的終端機工具
",2026-01-09 14:55:39+00,2026-01-10 22:15:00+00,1879.3500000000000000,1206,4,8,0,0,0,0,0,0,0,0,2.3217
35a761f2-fec9-4f22-a408-502cce58653c,ralf_oraoraora,0,"最近用 Ghostty 常閃退，每次重開 session 都有點小崩潰

現在在試不同的終端機工具
",2026-01-09 14:55:39+00,2026-01-10 22:30:00+00,1894.3500000000000000,1206,4,8,0,0,0,0,0,0,0,0,2.3217
35a761f2-fec9-4f22-a408-502cce58653c,ralf_oraoraora,0,"最近用 Ghostty 常閃退，每次重開 session 都有點小崩潰

現在在試不同的終端機工具
",2026-01-09 14:55:39+00,2026-01-10 22:45:00+00,1909.3500000000000000,1206,4,8,0,0,0,0,0,0,0,0,2.3217
35a761f2-fec9-4f22-a408-502cce58653c,ralf_oraoraora,0,"最近用 Ghostty 常閃退，每次重開 session 都有點小崩潰

現在在試不同的終端機工具
",2026-01-09 14:55:39+00,2026-01-10 23:00:00+00,1924.3500000000000000,1206,4,8,0,0,0,0,0,0,0,0,2.3217
35a761f2-fec9-4f22-a408-502cce58653c,ralf_oraoraora,0,"最近用 Ghostty 常閃退，每次重開 session 都有點小崩潰

現在在試不同的終端機工具
",2026-01-09 14:55:39+00,2026-01-10 23:15:00+00,1939.3500000000000000,1206,4,8,0,0,0,0,0,0,0,0,2.3217
35a761f2-fec9-4f22-a408-502cce58653c,ralf_oraoraora,0,"最近用 Ghostty 常閃退，每次重開 session 都有點小崩潰

現在在試不同的終端機工具
",2026-01-09 14:55:39+00,2026-01-10 23:30:00+00,1954.3500000000000000,1206,4,8,0,0,0,0,0,0,0,0,2.3217
35a761f2-fec9-4f22-a408-502cce58653c,ralf_oraoraora,0,"最近用 Ghostty 常閃退，每次重開 session 都有點小崩潰

現在在試不同的終端機工具
",2026-01-09 14:55:39+00,2026-01-10 23:45:00+00,1969.3500000000000000,1206,4,8,0,0,0,0,0,0,0,0,2.3217
35a761f2-fec9-4f22-a408-502cce58653c,ralf_oraoraora,0,"最近用 Ghostty 常閃退，每次重開 session 都有點小崩潰

現在在試不同的終端機工具
",2026-01-09 14:55:39+00,2026-01-11 00:00:00+00,1984.3500000000000000,1206,4,8,0,0,0,0,0,0,0,0,2.3217
35a761f2-fec9-4f22-a408-502cce58653c,ralf_oraoraora,0,"最近用 Ghostty 常閃退，每次重開 session 都有點小崩潰

現在在試不同的終端機工具
",2026-01-09 14:55:39+00,2026-01-11 00:15:00+00,1999.3500000000000000,1206,4,9,0,0,0,0,1,0,0,0,2.5705
35a761f2-fec9-4f22-a408-502cce58653c,ralf_oraoraora,0,"最近用 Ghostty 常閃退，每次重開 session 都有點小崩潰

現在在試不同的終端機工具
",2026-01-09 14:55:39+00,2026-01-11 00:30:00+00,2014.3500000000000000,1207,4,9,0,0,1,0,0,0,0,0.0000,2.5684
35a761f2-fec9-4f22-a408-502cce58653c,ralf_oraoraora,0,"最近用 Ghostty 常閃退，每次重開 session 都有點小崩潰

現在在試不同的終端機工具
",2026-01-09 14:55:39+00,2026-01-11 00:45:00+00,2029.3500000000000000,1207,4,9,0,0,0,0,0,0,0,0,2.5684
35a761f2-fec9-4f22-a408-502cce58653c,ralf_oraoraora,0,"最近用 Ghostty 常閃退，每次重開 session 都有點小崩潰

現在在試不同的終端機工具
",2026-01-09 14:55:39+00,2026-01-11 01:00:00+00,2044.3500000000000000,1208,4,9,0,0,1,0,0,0,0,0.0000,2.5662
35a761f2-fec9-4f22-a408-502cce58653c,ralf_oraoraora,0,"最近用 Ghostty 常閃退，每次重開 session 都有點小崩潰

現在在試不同的終端機工具
",2026-01-09 14:55:39+00,2026-01-11 01:15:00+00,2059.3500000000000000,1209,4,9,0,0,1,0,0,0,0,0.0000,2.5641
35a761f2-fec9-4f22-a408-502cce58653c,ralf_oraoraora,0,"最近用 Ghostty 常閃退，每次重開 session 都有點小崩潰

現在在試不同的終端機工具
",2026-01-09 14:55:39+00,2026-01-11 01:30:00+00,2074.3500000000000000,1209,4,9,0,0,0,0,0,0,0,0,2.5641
35a761f2-fec9-4f22-a408-502cce58653c,ralf_oraoraora,0,"最近用 Ghostty 常閃退，每次重開 session 都有點小崩潰

現在在試不同的終端機工具
",2026-01-09 14:55:39+00,2026-01-11 01:45:00+00,2089.3500000000000000,1209,4,9,0,0,0,0,0,0,0,0,2.5641
35a761f2-fec9-4f22-a408-502cce58653c,ralf_oraoraora,0,"最近用 Ghostty 常閃退，每次重開 session 都有點小崩潰

現在在試不同的終端機工具
",2026-01-09 14:55:39+00,2026-01-11 02:00:00+00,2104.3500000000000000,1209,4,9,0,0,0,0,0,0,0,0,2.5641
35a761f2-fec9-4f22-a408-502cce58653c,ralf_oraoraora,0,"最近用 Ghostty 常閃退，每次重開 session 都有點小崩潰

現在在試不同的終端機工具
",2026-01-09 14:55:39+00,2026-01-11 02:15:00+00,2119.3500000000000000,1209,4,11,0,0,0,0,2,0,0,0,3.0604
35a761f2-fec9-4f22-a408-502cce58653c,ralf_oraoraora,0,"最近用 Ghostty 常閃退，每次重開 session 都有點小崩潰

現在在試不同的終端機工具
",2026-01-09 14:55:39+00,2026-01-11 02:30:00+00,2134.3500000000000000,1210,4,11,0,0,1,0,0,0,0,0.0000,3.0579
35a761f2-fec9-4f22-a408-502cce58653c,ralf_oraoraora,0,"最近用 Ghostty 常閃退，每次重開 session 都有點小崩潰

現在在試不同的終端機工具
",2026-01-09 14:55:39+00,2026-01-11 02:45:00+00,2149.3500000000000000,1210,4,11,0,0,0,0,0,0,0,0,3.0579
35a761f2-fec9-4f22-a408-502cce58653c,ralf_oraoraora,0,"最近用 Ghostty 常閃退，每次重開 session 都有點小崩潰

現在在試不同的終端機工具
",2026-01-09 14:55:39+00,2026-01-11 03:00:00+00,2164.3500000000000000,1210,4,11,0,0,0,0,0,0,0,0,3.0579
35a761f2-fec9-4f22-a408-502cce58653c,ralf_oraoraora,0,"最近用 Ghostty 常閃退，每次重開 session 都有點小崩潰

現在在試不同的終端機工具
",2026-01-09 14:55:39+00,2026-01-11 03:15:00+00,2179.3500000000000000,1210,4,11,0,0,0,0,0,0,0,0,3.0579
35a761f2-fec9-4f22-a408-502cce58653c,ralf_oraoraora,0,"最近用 Ghostty 常閃退，每次重開 session 都有點小崩潰

現在在試不同的終端機工具
",2026-01-09 14:55:39+00,2026-01-11 03:30:00+00,2194.3500000000000000,1210,4,11,0,0,0,0,0,0,0,0,3.0579
35a761f2-fec9-4f22-a408-502cce58653c,ralf_oraoraora,0,"最近用 Ghostty 常閃退，每次重開 session 都有點小崩潰

現在在試不同的終端機工具
",2026-01-09 14:55:39+00,2026-01-11 03:45:00+00,2209.3500000000000000,1210,4,11,0,0,0,0,0,0,0,0,3.0579
35a761f2-fec9-4f22-a408-502cce58653c,ralf_oraoraora,0,"最近用 Ghostty 常閃退，每次重開 session 都有點小崩潰

現在在試不同的終端機工具
",2026-01-09 14:55:39+00,2026-01-11 04:00:00+00,2224.3500000000000000,1210,4,12,0,0,0,0,1,0,0,0,3.3058
35a761f2-fec9-4f22-a408-502cce58653c,ralf_oraoraora,0,"最近用 Ghostty 常閃退，每次重開 session 都有點小崩潰

現在在試不同的終端機工具
",2026-01-09 14:55:39+00,2026-01-11 04:15:00+00,2239.3500000000000000,1211,4,12,0,0,1,0,0,0,0,0.0000,3.3031
35a761f2-fec9-4f22-a408-502cce58653c,ralf_oraoraora,0,"最近用 Ghostty 常閃退，每次重開 session 都有點小崩潰

現在在試不同的終端機工具
",2026-01-09 14:55:39+00,2026-01-11 04:30:00+00,2254.3500000000000000,1213,4,12,0,0,2,0,0,0,0,0.0000,3.2976
35a761f2-fec9-4f22-a408-502cce58653c,ralf_oraoraora,0,"最近用 Ghostty 常閃退，每次重開 session 都有點小崩潰

現在在試不同的終端機工具
",2026-01-09 14:55:39+00,2026-01-11 04:45:00+00,2269.3500000000000000,1214,4,12,0,0,1,0,0,0,0,0.0000,3.2949
35a761f2-fec9-4f22-a408-502cce58653c,ralf_oraoraora,0,"最近用 Ghostty 常閃退，每次重開 session 都有點小崩潰

現在在試不同的終端機工具
",2026-01-09 14:55:39+00,2026-01-11 05:00:00+00,2284.3500000000000000,1214,4,12,0,0,0,0,0,0,0,0,3.2949
35a761f2-fec9-4f22-a408-502cce58653c,ralf_oraoraora,0,"最近用 Ghostty 常閃退，每次重開 session 都有點小崩潰

現在在試不同的終端機工具
",2026-01-09 14:55:39+00,2026-01-11 05:30:00+00,2314.3500000000000000,1216,4,12,0,0,2,0,0,0,0,0.0000,3.2895
35a761f2-fec9-4f22-a408-502cce58653c,ralf_oraoraora,0,"最近用 Ghostty 常閃退，每次重開 session 都有點小崩潰

現在在試不同的終端機工具
",2026-01-09 14:55:39+00,2026-01-11 06:00:00+00,2344.3500000000000000,1216,4,12,0,0,0,0,0,0,0,0,3.2895
35a761f2-fec9-4f22-a408-502cce58653c,ralf_oraoraora,0,"最近用 Ghostty 常閃退，每次重開 session 都有點小崩潰

現在在試不同的終端機工具
",2026-01-09 14:55:39+00,2026-01-11 06:15:00+00,2359.3500000000000000,1217,4,12,0,0,1,0,0,0,0,0.0000,3.2868
35a761f2-fec9-4f22-a408-502cce58653c,ralf_oraoraora,0,"最近用 Ghostty 常閃退，每次重開 session 都有點小崩潰

現在在試不同的終端機工具
",2026-01-09 14:55:39+00,2026-01-11 06:45:00+00,2389.3500000000000000,1221,4,12,0,0,4,0,0,0,0,0.0000,3.2760
35a761f2-fec9-4f22-a408-502cce58653c,ralf_oraoraora,0,"最近用 Ghostty 常閃退，每次重開 session 都有點小崩潰

現在在試不同的終端機工具
",2026-01-09 14:55:39+00,2026-01-11 07:00:00+00,2404.3500000000000000,1224,4,12,0,0,3,0,0,0,0,0.0000,3.2680
35a761f2-fec9-4f22-a408-502cce58653c,ralf_oraoraora,0,"最近用 Ghostty 常閃退，每次重開 session 都有點小崩潰

現在在試不同的終端機工具
",2026-01-09 14:55:39+00,2026-01-11 07:30:00+00,2434.3500000000000000,1225,4,12,0,0,1,0,0,0,0,0.0000,3.2653
35a761f2-fec9-4f22-a408-502cce58653c,ralf_oraoraora,0,"最近用 Ghostty 常閃退，每次重開 session 都有點小崩潰

現在在試不同的終端機工具
",2026-01-09 14:55:39+00,2026-01-11 08:00:00+00,2464.3500000000000000,1225,4,12,0,0,0,0,0,0,0,0,3.2653
35a761f2-fec9-4f22-a408-502cce58653c,ralf_oraoraora,0,"最近用 Ghostty 常閃退，每次重開 session 都有點小崩潰

現在在試不同的終端機工具
",2026-01-09 14:55:39+00,2026-01-11 08:15:00+00,2479.3500000000000000,1225,4,12,0,0,0,0,0,0,0,0,3.2653
35a761f2-fec9-4f22-a408-502cce58653c,ralf_oraoraora,0,"最近用 Ghostty 常閃退，每次重開 session 都有點小崩潰

現在在試不同的終端機工具
",2026-01-09 14:55:39+00,2026-01-11 08:30:00+00,2494.3500000000000000,1225,4,12,0,0,0,0,0,0,0,0,3.2653
35a761f2-fec9-4f22-a408-502cce58653c,ralf_oraoraora,0,"最近用 Ghostty 常閃退，每次重開 session 都有點小崩潰

現在在試不同的終端機工具
",2026-01-09 14:55:39+00,2026-01-11 08:45:00+00,2509.3500000000000000,1225,4,12,0,0,0,0,0,0,0,0,3.2653
35a761f2-fec9-4f22-a408-502cce58653c,ralf_oraoraora,0,"最近用 Ghostty 常閃退，每次重開 session 都有點小崩潰

現在在試不同的終端機工具
",2026-01-09 14:55:39+00,2026-01-11 09:00:00+00,2524.3500000000000000,1225,4,12,0,0,0,0,0,0,0,0,3.2653
35a761f2-fec9-4f22-a408-502cce58653c,ralf_oraoraora,0,"最近用 Ghostty 常閃退，每次重開 session 都有點小崩潰

現在在試不同的終端機工具
",2026-01-09 14:55:39+00,2026-01-11 09:15:00+00,2539.3500000000000000,1225,4,12,0,0,0,0,0,0,0,0,3.2653
35a761f2-fec9-4f22-a408-502cce58653c,ralf_oraoraora,0,"最近用 Ghostty 常閃退，每次重開 session 都有點小崩潰

現在在試不同的終端機工具
",2026-01-09 14:55:39+00,2026-01-11 09:30:00+00,2554.3500000000000000,1225,4,12,0,0,0,0,0,0,0,0,3.2653
35a761f2-fec9-4f22-a408-502cce58653c,ralf_oraoraora,0,"最近用 Ghostty 常閃退，每次重開 session 都有點小崩潰

現在在試不同的終端機工具
",2026-01-09 14:55:39+00,2026-01-11 09:45:00+00,2569.3500000000000000,1225,4,12,0,0,0,0,0,0,0,0,3.2653
35a761f2-fec9-4f22-a408-502cce58653c,ralf_oraoraora,0,"最近用 Ghostty 常閃退，每次重開 session 都有點小崩潰

現在在試不同的終端機工具
",2026-01-09 14:55:39+00,2026-01-11 10:00:00+00,2584.3500000000000000,1225,4,12,0,0,0,0,0,0,0,0,3.2653
35a761f2-fec9-4f22-a408-502cce58653c,ralf_oraoraora,0,"最近用 Ghostty 常閃退，每次重開 session 都有點小崩潰

現在在試不同的終端機工具
",2026-01-09 14:55:39+00,2026-01-11 10:15:00+00,2599.3500000000000000,1225,4,12,0,0,0,0,0,0,0,0,3.2653
35a761f2-fec9-4f22-a408-502cce58653c,ralf_oraoraora,0,"最近用 Ghostty 常閃退，每次重開 session 都有點小崩潰

現在在試不同的終端機工具
",2026-01-09 14:55:39+00,2026-01-11 10:30:00+00,2614.3500000000000000,1226,4,12,0,0,1,0,0,0,0,0.0000,3.2626
35a761f2-fec9-4f22-a408-502cce58653c,ralf_oraoraora,0,"最近用 Ghostty 常閃退，每次重開 session 都有點小崩潰

現在在試不同的終端機工具
",2026-01-09 14:55:39+00,2026-01-11 10:45:00+00,2629.3500000000000000,1226,4,12,0,0,0,0,0,0,0,0,3.2626
35a761f2-fec9-4f22-a408-502cce58653c,ralf_oraoraora,0,"最近用 Ghostty 常閃退，每次重開 session 都有點小崩潰

現在在試不同的終端機工具
",2026-01-09 14:55:39+00,2026-01-11 11:00:00+00,2644.3500000000000000,1226,4,12,0,0,0,0,0,0,0,0,3.2626
35a761f2-fec9-4f22-a408-502cce58653c,ralf_oraoraora,0,"最近用 Ghostty 常閃退，每次重開 session 都有點小崩潰

現在在試不同的終端機工具
",2026-01-09 14:55:39+00,2026-01-11 11:15:00+00,2659.3500000000000000,1226,4,12,0,0,0,0,0,0,0,0,3.2626
35a761f2-fec9-4f22-a408-502cce58653c,ralf_oraoraora,0,"最近用 Ghostty 常閃退，每次重開 session 都有點小崩潰

現在在試不同的終端機工具
",2026-01-09 14:55:39+00,2026-01-11 11:30:00+00,2674.3500000000000000,1226,4,12,0,0,0,0,0,0,0,0,3.2626
35a761f2-fec9-4f22-a408-502cce58653c,ralf_oraoraora,0,"最近用 Ghostty 常閃退，每次重開 session 都有點小崩潰

現在在試不同的終端機工具
",2026-01-09 14:55:39+00,2026-01-11 11:45:00+00,2689.3500000000000000,1226,4,12,0,0,0,0,0,0,0,0,3.2626
35a761f2-fec9-4f22-a408-502cce58653c,ralf_oraoraora,0,"最近用 Ghostty 常閃退，每次重開 session 都有點小崩潰

現在在試不同的終端機工具
",2026-01-09 14:55:39+00,2026-01-11 12:00:00+00,2704.3500000000000000,1226,4,12,0,0,0,0,0,0,0,0,3.2626
35a761f2-fec9-4f22-a408-502cce58653c,ralf_oraoraora,0,"最近用 Ghostty 常閃退，每次重開 session 都有點小崩潰

現在在試不同的終端機工具
",2026-01-09 14:55:39+00,2026-01-11 12:15:00+00,2719.3500000000000000,1226,4,12,0,0,0,0,0,0,0,0,3.2626
35a761f2-fec9-4f22-a408-502cce58653c,ralf_oraoraora,0,"最近用 Ghostty 常閃退，每次重開 session 都有點小崩潰

現在在試不同的終端機工具
",2026-01-09 14:55:39+00,2026-01-11 12:30:00+00,2734.3500000000000000,1226,4,12,0,0,0,0,0,0,0,0,3.2626
35a761f2-fec9-4f22-a408-502cce58653c,ralf_oraoraora,0,"最近用 Ghostty 常閃退，每次重開 session 都有點小崩潰

現在在試不同的終端機工具
",2026-01-09 14:55:39+00,2026-01-11 12:45:00+00,2749.3500000000000000,1226,4,12,0,0,0,0,0,0,0,0,3.2626
35a761f2-fec9-4f22-a408-502cce58653c,ralf_oraoraora,0,"最近用 Ghostty 常閃退，每次重開 session 都有點小崩潰

現在在試不同的終端機工具
",2026-01-09 14:55:39+00,2026-01-11 13:00:00+00,2764.3500000000000000,1226,4,12,0,0,0,0,0,0,0,0,3.2626
35a761f2-fec9-4f22-a408-502cce58653c,ralf_oraoraora,0,"最近用 Ghostty 常閃退，每次重開 session 都有點小崩潰

現在在試不同的終端機工具
",2026-01-09 14:55:39+00,2026-01-11 13:15:00+00,2779.3500000000000000,1227,4,12,0,0,1,0,0,0,0,0.0000,3.2600
35a761f2-fec9-4f22-a408-502cce58653c,ralf_oraoraora,0,"最近用 Ghostty 常閃退，每次重開 session 都有點小崩潰

現在在試不同的終端機工具
",2026-01-09 14:55:39+00,2026-01-11 13:30:00+00,2794.3500000000000000,1227,4,12,0,0,0,0,0,0,0,0,3.2600
35a761f2-fec9-4f22-a408-502cce58653c,ralf_oraoraora,0,"最近用 Ghostty 常閃退，每次重開 session 都有點小崩潰

現在在試不同的終端機工具
",2026-01-09 14:55:39+00,2026-01-11 13:45:00+00,2809.3500000000000000,1227,4,12,0,0,0,0,0,0,0,0,3.2600
35a761f2-fec9-4f22-a408-502cce58653c,ralf_oraoraora,0,"最近用 Ghostty 常閃退，每次重開 session 都有點小崩潰

現在在試不同的終端機工具
",2026-01-09 14:55:39+00,2026-01-11 14:00:00+00,2824.3500000000000000,1227,4,12,0,0,0,0,0,0,0,0,3.2600
35a761f2-fec9-4f22-a408-502cce58653c,ralf_oraoraora,0,"最近用 Ghostty 常閃退，每次重開 session 都有點小崩潰

現在在試不同的終端機工具
",2026-01-09 14:55:39+00,2026-01-11 14:15:00+00,2839.3500000000000000,1227,4,12,0,0,0,0,0,0,0,0,3.2600
35a761f2-fec9-4f22-a408-502cce58653c,ralf_oraoraora,0,"最近用 Ghostty 常閃退，每次重開 session 都有點小崩潰

現在在試不同的終端機工具
",2026-01-09 14:55:39+00,2026-01-11 14:30:00+00,2854.3500000000000000,1227,4,12,0,0,0,0,0,0,0,0,3.2600
35a761f2-fec9-4f22-a408-502cce58653c,ralf_oraoraora,0,"最近用 Ghostty 常閃退，每次重開 session 都有點小崩潰

現在在試不同的終端機工具
",2026-01-09 14:55:39+00,2026-01-11 14:45:00+00,2869.3500000000000000,1227,4,12,0,0,0,0,0,0,0,0,3.2600
35a761f2-fec9-4f22-a408-502cce58653c,ralf_oraoraora,0,"最近用 Ghostty 常閃退，每次重開 session 都有點小崩潰

現在在試不同的終端機工具
",2026-01-09 14:55:39+00,2026-01-11 15:00:00+00,2884.3500000000000000,1227,4,12,0,0,0,0,0,0,0,0,3.2600
7b401ab4-2ec4-4484-b214-fabeb3bdfeff,ralf_oraoraora,0,"個人或小團隊想快速做出 MVP
Supabase 真的很好用

以前架個 API 加資料庫要搞半天
",2026-01-09 12:07:26+00,2026-01-09 12:30:00+00,22.5666666666666667,0,3,5,0,0,0,3,5,0,0,0,0
7b401ab4-2ec4-4484-b214-fabeb3bdfeff,ralf_oraoraora,0,"個人或小團隊想快速做出 MVP
Supabase 真的很好用

以前架個 API 加資料庫要搞半天
",2026-01-09 12:07:26+00,2026-01-09 13:00:00+00,52.5666666666666667,209,11,17,0,0,209,8,12,0,0,9.5694,29.6651
7b401ab4-2ec4-4484-b214-fabeb3bdfeff,ralf_oraoraora,0,"個人或小團隊想快速做出 MVP
Supabase 真的很好用

以前架個 API 加資料庫要搞半天
",2026-01-09 12:07:26+00,2026-01-09 13:15:00+00,67.5666666666666667,515,16,19,0,0,306,5,2,0,0,2.2876,14.1748
7b401ab4-2ec4-4484-b214-fabeb3bdfeff,ralf_oraoraora,0,"個人或小團隊想快速做出 MVP
Supabase 真的很好用

以前架個 API 加資料庫要搞半天
",2026-01-09 12:07:26+00,2026-01-09 13:30:00+00,82.5666666666666667,947,18,19,0,0,432,2,0,0,0,0.4630,7.9197
7b401ab4-2ec4-4484-b214-fabeb3bdfeff,ralf_oraoraora,0,"個人或小團隊想快速做出 MVP
Supabase 真的很好用

以前架個 API 加資料庫要搞半天
",2026-01-09 12:07:26+00,2026-01-09 13:45:00+00,97.5666666666666667,947,19,20,0,0,0,1,1,0,0,0,8.3421
7b401ab4-2ec4-4484-b214-fabeb3bdfeff,ralf_oraoraora,0,"個人或小團隊想快速做出 MVP
Supabase 真的很好用

以前架個 API 加資料庫要搞半天
",2026-01-09 12:07:26+00,2026-01-09 14:15:00+00,127.5666666666666667,1352,21,25,0,0,405,2,5,0,0,1.7284,7.1006
7b401ab4-2ec4-4484-b214-fabeb3bdfeff,ralf_oraoraora,0,"個人或小團隊想快速做出 MVP
Supabase 真的很好用

以前架個 API 加資料庫要搞半天
",2026-01-09 12:07:26+00,2026-01-09 14:45:00+00,157.5666666666666667,1655,22,25,0,0,303,1,0,0,0,0.3300,5.8610
7b401ab4-2ec4-4484-b214-fabeb3bdfeff,ralf_oraoraora,0,"個人或小團隊想快速做出 MVP
Supabase 真的很好用

以前架個 API 加資料庫要搞半天
",2026-01-09 12:07:26+00,2026-01-09 15:15:00+00,187.5666666666666667,1898,26,25,0,0,243,4,0,0,0,1.6461,5.3214
7b401ab4-2ec4-4484-b214-fabeb3bdfeff,ralf_oraoraora,0,"個人或小團隊想快速做出 MVP
Supabase 真的很好用

以前架個 API 加資料庫要搞半天
",2026-01-09 12:07:26+00,2026-01-09 15:30:00+00,202.5666666666666667,1972,27,26,0,0,74,1,1,0,0,2.7027,5.3245
7b401ab4-2ec4-4484-b214-fabeb3bdfeff,ralf_oraoraora,0,"個人或小團隊想快速做出 MVP
Supabase 真的很好用

以前架個 API 加資料庫要搞半天
",2026-01-09 12:07:26+00,2026-01-09 16:00:00+00,232.5666666666666667,2087,31,26,0,0,115,4,0,0,0,3.4783,5.2228
7b401ab4-2ec4-4484-b214-fabeb3bdfeff,ralf_oraoraora,0,"個人或小團隊想快速做出 MVP
Supabase 真的很好用

以前架個 API 加資料庫要搞半天
",2026-01-09 12:07:26+00,2026-01-09 16:30:00+00,262.5666666666666667,2216,33,26,0,0,129,2,0,0,0,1.5504,5.0090
7b401ab4-2ec4-4484-b214-fabeb3bdfeff,ralf_oraoraora,0,"個人或小團隊想快速做出 MVP
Supabase 真的很好用

以前架個 API 加資料庫要搞半天
",2026-01-09 12:07:26+00,2026-01-09 16:45:00+00,277.5666666666666667,2253,34,26,0,0,37,1,0,0,0,2.7027,4.9711
7b401ab4-2ec4-4484-b214-fabeb3bdfeff,ralf_oraoraora,0,"個人或小團隊想快速做出 MVP
Supabase 真的很好用

以前架個 API 加資料庫要搞半天
",2026-01-09 12:07:26+00,2026-01-09 17:15:00+00,307.5666666666666667,2356,34,26,0,0,103,0,0,0,0,0.0000,4.7538
7b401ab4-2ec4-4484-b214-fabeb3bdfeff,ralf_oraoraora,0,"個人或小團隊想快速做出 MVP
Supabase 真的很好用

以前架個 API 加資料庫要搞半天
",2026-01-09 12:07:26+00,2026-01-09 17:45:00+00,337.5666666666666667,2445,36,26,0,0,89,2,0,0,0,2.2472,4.6626
7b401ab4-2ec4-4484-b214-fabeb3bdfeff,ralf_oraoraora,0,"個人或小團隊想快速做出 MVP
Supabase 真的很好用

以前架個 API 加資料庫要搞半天
",2026-01-09 12:07:26+00,2026-01-09 18:00:00+00,352.5666666666666667,2469,37,26,0,0,24,1,0,0,0,4.1667,4.6578
7b401ab4-2ec4-4484-b214-fabeb3bdfeff,ralf_oraoraora,0,"個人或小團隊想快速做出 MVP
Supabase 真的很好用

以前架個 API 加資料庫要搞半天
",2026-01-09 12:07:26+00,2026-01-09 18:30:00+00,382.5666666666666667,2539,38,26,0,0,70,1,0,0,0,1.4286,4.5687
7b401ab4-2ec4-4484-b214-fabeb3bdfeff,ralf_oraoraora,0,"個人或小團隊想快速做出 MVP
Supabase 真的很好用

以前架個 API 加資料庫要搞半天
",2026-01-09 12:07:26+00,2026-01-09 18:45:00+00,397.5666666666666667,2539,38,26,0,0,0,0,0,0,0,0,4.5687
7b401ab4-2ec4-4484-b214-fabeb3bdfeff,ralf_oraoraora,0,"個人或小團隊想快速做出 MVP
Supabase 真的很好用

以前架個 API 加資料庫要搞半天
",2026-01-09 12:07:26+00,2026-01-09 19:15:00+00,427.5666666666666667,2650,38,26,0,0,111,0,0,0,0,0.0000,4.3774
7b401ab4-2ec4-4484-b214-fabeb3bdfeff,ralf_oraoraora,0,"個人或小團隊想快速做出 MVP
Supabase 真的很好用

以前架個 API 加資料庫要搞半天
",2026-01-09 12:07:26+00,2026-01-09 19:45:00+00,457.5666666666666667,2685,39,26,0,0,35,1,0,0,0,2.8571,4.3575
7b401ab4-2ec4-4484-b214-fabeb3bdfeff,ralf_oraoraora,0,"個人或小團隊想快速做出 MVP
Supabase 真的很好用

以前架個 API 加資料庫要搞半天
",2026-01-09 12:07:26+00,2026-01-09 20:00:00+00,472.5666666666666667,2704,40,26,0,0,19,1,0,0,0,5.2632,4.3639
7b401ab4-2ec4-4484-b214-fabeb3bdfeff,ralf_oraoraora,0,"個人或小團隊想快速做出 MVP
Supabase 真的很好用

以前架個 API 加資料庫要搞半天
",2026-01-09 12:07:26+00,2026-01-09 20:30:00+00,502.5666666666666667,2753,42,26,0,0,49,2,0,0,0,4.0816,4.3589
7b401ab4-2ec4-4484-b214-fabeb3bdfeff,ralf_oraoraora,0,"個人或小團隊想快速做出 MVP
Supabase 真的很好用

以前架個 API 加資料庫要搞半天
",2026-01-09 12:07:26+00,2026-01-09 21:00:00+00,532.5666666666666667,2777,43,26,0,0,24,1,0,0,0,4.1667,4.3572
7b401ab4-2ec4-4484-b214-fabeb3bdfeff,ralf_oraoraora,0,"個人或小團隊想快速做出 MVP
Supabase 真的很好用

以前架個 API 加資料庫要搞半天
",2026-01-09 12:07:26+00,2026-01-09 21:30:00+00,562.5666666666666667,2808,43,26,0,0,31,0,0,0,0,0.0000,4.3091
7b401ab4-2ec4-4484-b214-fabeb3bdfeff,ralf_oraoraora,0,"個人或小團隊想快速做出 MVP
Supabase 真的很好用

以前架個 API 加資料庫要搞半天
",2026-01-09 12:07:26+00,2026-01-09 22:00:00+00,592.5666666666666667,2841,43,26,0,0,33,0,0,0,0,0.0000,4.2591
7b401ab4-2ec4-4484-b214-fabeb3bdfeff,ralf_oraoraora,0,"個人或小團隊想快速做出 MVP
Supabase 真的很好用

以前架個 API 加資料庫要搞半天
",2026-01-09 12:07:26+00,2026-01-09 22:15:00+00,607.5666666666666667,2852,43,26,0,0,11,0,0,0,0,0.0000,4.2426
7b401ab4-2ec4-4484-b214-fabeb3bdfeff,ralf_oraoraora,0,"個人或小團隊想快速做出 MVP
Supabase 真的很好用

以前架個 API 加資料庫要搞半天
",2026-01-09 12:07:26+00,2026-01-09 22:45:00+00,637.5666666666666667,2914,43,26,0,0,62,0,0,0,0,0.0000,4.1524
7b401ab4-2ec4-4484-b214-fabeb3bdfeff,ralf_oraoraora,0,"個人或小團隊想快速做出 MVP
Supabase 真的很好用

以前架個 API 加資料庫要搞半天
",2026-01-09 12:07:26+00,2026-01-09 23:00:00+00,652.5666666666666667,2920,43,26,0,0,6,0,0,0,0,0.0000,4.1438
7b401ab4-2ec4-4484-b214-fabeb3bdfeff,ralf_oraoraora,0,"個人或小團隊想快速做出 MVP
Supabase 真的很好用

以前架個 API 加資料庫要搞半天
",2026-01-09 12:07:26+00,2026-01-09 23:30:00+00,682.5666666666666667,2975,45,26,0,0,55,2,0,0,0,3.6364,4.1345
7b401ab4-2ec4-4484-b214-fabeb3bdfeff,ralf_oraoraora,0,"個人或小團隊想快速做出 MVP
Supabase 真的很好用

以前架個 API 加資料庫要搞半天
",2026-01-09 12:07:26+00,2026-01-10 00:00:00+00,712.5666666666666667,3043,46,26,0,0,68,1,0,0,0,1.4706,4.0749
7b401ab4-2ec4-4484-b214-fabeb3bdfeff,ralf_oraoraora,0,"個人或小團隊想快速做出 MVP
Supabase 真的很好用

以前架個 API 加資料庫要搞半天
",2026-01-09 12:07:26+00,2026-01-10 00:30:00+00,742.5666666666666667,3112,46,26,0,0,69,0,0,0,0,0.0000,3.9846
7b401ab4-2ec4-4484-b214-fabeb3bdfeff,ralf_oraoraora,0,"個人或小團隊想快速做出 MVP
Supabase 真的很好用

以前架個 API 加資料庫要搞半天
",2026-01-09 12:07:26+00,2026-01-10 00:45:00+00,757.5666666666666667,3134,48,26,0,0,22,2,0,0,0,9.0909,4.0204
7b401ab4-2ec4-4484-b214-fabeb3bdfeff,ralf_oraoraora,0,"個人或小團隊想快速做出 MVP
Supabase 真的很好用

以前架個 API 加資料庫要搞半天
",2026-01-09 12:07:26+00,2026-01-10 01:00:00+00,772.5666666666666667,3134,49,26,0,0,0,1,0,0,0,0,4.0523
7b401ab4-2ec4-4484-b214-fabeb3bdfeff,ralf_oraoraora,0,"個人或小團隊想快速做出 MVP
Supabase 真的很好用

以前架個 API 加資料庫要搞半天
",2026-01-09 12:07:26+00,2026-01-10 01:30:00+00,802.5666666666666667,3231,49,26,0,0,97,0,0,0,0,0.0000,3.9307
7b401ab4-2ec4-4484-b214-fabeb3bdfeff,ralf_oraoraora,0,"個人或小團隊想快速做出 MVP
Supabase 真的很好用

以前架個 API 加資料庫要搞半天
",2026-01-09 12:07:26+00,2026-01-10 01:45:00+00,817.5666666666666667,3243,49,26,0,0,12,0,0,0,0,0.0000,3.9161
7b401ab4-2ec4-4484-b214-fabeb3bdfeff,ralf_oraoraora,0,"個人或小團隊想快速做出 MVP
Supabase 真的很好用

以前架個 API 加資料庫要搞半天
",2026-01-09 12:07:26+00,2026-01-10 02:00:00+00,832.5666666666666667,3260,49,26,0,0,17,0,0,0,0,0.0000,3.8957
7b401ab4-2ec4-4484-b214-fabeb3bdfeff,ralf_oraoraora,0,"個人或小團隊想快速做出 MVP
Supabase 真的很好用

以前架個 API 加資料庫要搞半天
",2026-01-09 12:07:26+00,2026-01-10 02:30:00+00,862.5666666666666667,3337,49,26,0,0,77,0,0,0,0,0.0000,3.8058
7b401ab4-2ec4-4484-b214-fabeb3bdfeff,ralf_oraoraora,0,"個人或小團隊想快速做出 MVP
Supabase 真的很好用

以前架個 API 加資料庫要搞半天
",2026-01-09 12:07:26+00,2026-01-10 02:45:00+00,877.5666666666666667,3368,49,26,0,0,31,0,0,0,0,0.0000,3.7708
7b401ab4-2ec4-4484-b214-fabeb3bdfeff,ralf_oraoraora,0,"個人或小團隊想快速做出 MVP
Supabase 真的很好用

以前架個 API 加資料庫要搞半天
",2026-01-09 12:07:26+00,2026-01-10 03:00:00+00,892.5666666666666667,3408,49,26,0,0,40,0,0,0,0,0.0000,3.7265
7b401ab4-2ec4-4484-b214-fabeb3bdfeff,ralf_oraoraora,0,"個人或小團隊想快速做出 MVP
Supabase 真的很好用

以前架個 API 加資料庫要搞半天
",2026-01-09 12:07:26+00,2026-01-10 03:15:00+00,907.5666666666666667,3431,49,26,0,0,23,0,0,0,0,0.0000,3.7015
7b401ab4-2ec4-4484-b214-fabeb3bdfeff,ralf_oraoraora,0,"個人或小團隊想快速做出 MVP
Supabase 真的很好用

以前架個 API 加資料庫要搞半天
",2026-01-09 12:07:26+00,2026-01-10 03:45:00+00,937.5666666666666667,3494,52,26,1,0,63,3,0,1,0,6.3492,3.7922
7b401ab4-2ec4-4484-b214-fabeb3bdfeff,ralf_oraoraora,0,"個人或小團隊想快速做出 MVP
Supabase 真的很好用

以前架個 API 加資料庫要搞半天
",2026-01-09 12:07:26+00,2026-01-10 04:00:00+00,952.5666666666666667,3557,53,26,1,0,63,1,0,0,0,1.5873,3.7532
7b401ab4-2ec4-4484-b214-fabeb3bdfeff,ralf_oraoraora,0,"個人或小團隊想快速做出 MVP
Supabase 真的很好用

以前架個 API 加資料庫要搞半天
",2026-01-09 12:07:26+00,2026-01-10 04:30:00+00,982.5666666666666667,3608,53,26,1,0,51,0,0,0,0,0.0000,3.7001
7b401ab4-2ec4-4484-b214-fabeb3bdfeff,ralf_oraoraora,0,"個人或小團隊想快速做出 MVP
Supabase 真的很好用

以前架個 API 加資料庫要搞半天
",2026-01-09 12:07:26+00,2026-01-10 05:00:00+00,1012.5666666666666667,3654,54,27,1,0,46,1,1,0,0,4.3478,3.7630
7b401ab4-2ec4-4484-b214-fabeb3bdfeff,ralf_oraoraora,0,"個人或小團隊想快速做出 MVP
Supabase 真的很好用

以前架個 API 加資料庫要搞半天
",2026-01-09 12:07:26+00,2026-01-10 05:30:00+00,1042.5666666666666667,3689,59,27,2,0,35,5,0,1,0,17.1429,3.9306
7b401ab4-2ec4-4484-b214-fabeb3bdfeff,ralf_oraoraora,0,"個人或小團隊想快速做出 MVP
Supabase 真的很好用

以前架個 API 加資料庫要搞半天
",2026-01-09 12:07:26+00,2026-01-10 06:00:00+00,1072.5666666666666667,3781,60,27,2,0,92,1,0,0,0,1.0870,3.8614
7b401ab4-2ec4-4484-b214-fabeb3bdfeff,ralf_oraoraora,0,"個人或小團隊想快速做出 MVP
Supabase 真的很好用

以前架個 API 加資料庫要搞半天
",2026-01-09 12:07:26+00,2026-01-10 06:30:00+00,1102.5666666666666667,3881,60,27,2,0,100,0,0,0,0,0.0000,3.7619
7b401ab4-2ec4-4484-b214-fabeb3bdfeff,ralf_oraoraora,0,"個人或小團隊想快速做出 MVP
Supabase 真的很好用

以前架個 API 加資料庫要搞半天
",2026-01-09 12:07:26+00,2026-01-10 06:45:00+00,1117.5666666666666667,3938,60,27,2,0,57,0,0,0,0,0.0000,3.7075
7b401ab4-2ec4-4484-b214-fabeb3bdfeff,ralf_oraoraora,0,"個人或小團隊想快速做出 MVP
Supabase 真的很好用

以前架個 API 加資料庫要搞半天
",2026-01-09 12:07:26+00,2026-01-10 07:15:00+00,1147.5666666666666667,4025,61,27,2,0,87,1,0,0,0,1.1494,3.6522
7b401ab4-2ec4-4484-b214-fabeb3bdfeff,ralf_oraoraora,0,"個人或小團隊想快速做出 MVP
Supabase 真的很好用

以前架個 API 加資料庫要搞半天
",2026-01-09 12:07:26+00,2026-01-10 07:30:00+00,1162.5666666666666667,4025,62,27,2,0,0,1,0,0,0,0,3.6770
7b401ab4-2ec4-4484-b214-fabeb3bdfeff,ralf_oraoraora,0,"個人或小團隊想快速做出 MVP
Supabase 真的很好用

以前架個 API 加資料庫要搞半天
",2026-01-09 12:07:26+00,2026-01-10 08:00:00+00,1192.5666666666666667,4075,65,27,2,0,50,3,0,0,0,6.0000,3.7055
7b401ab4-2ec4-4484-b214-fabeb3bdfeff,ralf_oraoraora,0,"個人或小團隊想快速做出 MVP
Supabase 真的很好用

以前架個 API 加資料庫要搞半天
",2026-01-09 12:07:26+00,2026-01-10 08:15:00+00,1207.5666666666666667,4093,66,27,2,0,18,1,0,0,0,5.5556,3.7137
7b401ab4-2ec4-4484-b214-fabeb3bdfeff,ralf_oraoraora,0,"個人或小團隊想快速做出 MVP
Supabase 真的很好用

以前架個 API 加資料庫要搞半天
",2026-01-09 12:07:26+00,2026-01-10 08:30:00+00,1222.5666666666666667,4126,66,27,2,0,33,0,0,0,0,0.0000,3.6840
7b401ab4-2ec4-4484-b214-fabeb3bdfeff,ralf_oraoraora,0,"個人或小團隊想快速做出 MVP
Supabase 真的很好用

以前架個 API 加資料庫要搞半天
",2026-01-09 12:07:26+00,2026-01-10 09:00:00+00,1252.5666666666666667,4164,70,27,2,0,38,4,0,0,0,10.5263,3.7464
7b401ab4-2ec4-4484-b214-fabeb3bdfeff,ralf_oraoraora,0,"個人或小團隊想快速做出 MVP
Supabase 真的很好用

以前架個 API 加資料庫要搞半天
",2026-01-09 12:07:26+00,2026-01-10 09:15:00+00,1267.5666666666666667,4180,71,27,2,0,16,1,0,0,0,6.2500,3.7560
7b401ab4-2ec4-4484-b214-fabeb3bdfeff,ralf_oraoraora,0,"個人或小團隊想快速做出 MVP
Supabase 真的很好用

以前架個 API 加資料庫要搞半天
",2026-01-09 12:07:26+00,2026-01-10 09:30:00+00,1282.5666666666666667,4180,71,27,2,0,0,0,0,0,0,0,3.7560
7b401ab4-2ec4-4484-b214-fabeb3bdfeff,ralf_oraoraora,0,"個人或小團隊想快速做出 MVP
Supabase 真的很好用

以前架個 API 加資料庫要搞半天
",2026-01-09 12:07:26+00,2026-01-10 10:00:00+00,1312.5666666666666667,4309,72,27,2,0,129,1,0,0,0,0.7752,3.6667
7b401ab4-2ec4-4484-b214-fabeb3bdfeff,ralf_oraoraora,0,"個人或小團隊想快速做出 MVP
Supabase 真的很好用

以前架個 API 加資料庫要搞半天
",2026-01-09 12:07:26+00,2026-01-10 10:15:00+00,1327.5666666666666667,4328,72,27,2,0,19,0,0,0,0,0.0000,3.6506
7b401ab4-2ec4-4484-b214-fabeb3bdfeff,ralf_oraoraora,0,"個人或小團隊想快速做出 MVP
Supabase 真的很好用

以前架個 API 加資料庫要搞半天
",2026-01-09 12:07:26+00,2026-01-10 10:45:00+00,1357.5666666666666667,4450,73,27,2,0,122,1,0,0,0,0.8197,3.5730
7b401ab4-2ec4-4484-b214-fabeb3bdfeff,ralf_oraoraora,0,"個人或小團隊想快速做出 MVP
Supabase 真的很好用

以前架個 API 加資料庫要搞半天
",2026-01-09 12:07:26+00,2026-01-10 11:00:00+00,1372.5666666666666667,4483,73,27,2,0,33,0,0,0,0,0.0000,3.5467
7b401ab4-2ec4-4484-b214-fabeb3bdfeff,ralf_oraoraora,0,"個人或小團隊想快速做出 MVP
Supabase 真的很好用

以前架個 API 加資料庫要搞半天
",2026-01-09 12:07:26+00,2026-01-10 11:30:00+00,1402.5666666666666667,4583,74,27,2,0,100,1,0,0,0,1.0000,3.4912
7b401ab4-2ec4-4484-b214-fabeb3bdfeff,ralf_oraoraora,0,"個人或小團隊想快速做出 MVP
Supabase 真的很好用

以前架個 API 加資料庫要搞半天
",2026-01-09 12:07:26+00,2026-01-10 12:00:00+00,1432.5666666666666667,4637,74,28,2,0,54,0,1,0,0,1.8519,3.5152
7b401ab4-2ec4-4484-b214-fabeb3bdfeff,ralf_oraoraora,0,"個人或小團隊想快速做出 MVP
Supabase 真的很好用

以前架個 API 加資料庫要搞半天
",2026-01-09 12:07:26+00,2026-01-10 12:30:00+00,1462.5666666666666667,4721,74,28,2,0,84,0,0,0,0,0.0000,3.4527
7b401ab4-2ec4-4484-b214-fabeb3bdfeff,ralf_oraoraora,0,"個人或小團隊想快速做出 MVP
Supabase 真的很好用

以前架個 API 加資料庫要搞半天
",2026-01-09 12:07:26+00,2026-01-10 12:45:00+00,1477.5666666666666667,4743,74,28,2,0,22,0,0,0,0,0.0000,3.4366
7b401ab4-2ec4-4484-b214-fabeb3bdfeff,ralf_oraoraora,0,"個人或小團隊想快速做出 MVP
Supabase 真的很好用

以前架個 API 加資料庫要搞半天
",2026-01-09 12:07:26+00,2026-01-10 13:15:00+00,1507.5666666666666667,4746,74,28,2,0,3,0,0,0,0,0.0000,3.4345
7b401ab4-2ec4-4484-b214-fabeb3bdfeff,ralf_oraoraora,0,"個人或小團隊想快速做出 MVP
Supabase 真的很好用

以前架個 API 加資料庫要搞半天
",2026-01-09 12:07:26+00,2026-01-10 13:45:00+00,1537.5666666666666667,4747,74,28,2,0,1,0,0,0,0,0.0000,3.4337
7b401ab4-2ec4-4484-b214-fabeb3bdfeff,ralf_oraoraora,0,"個人或小團隊想快速做出 MVP
Supabase 真的很好用

以前架個 API 加資料庫要搞半天
",2026-01-09 12:07:26+00,2026-01-10 14:00:00+00,1552.5666666666666667,4747,74,28,2,0,0,0,0,0,0,0,3.4337
7b401ab4-2ec4-4484-b214-fabeb3bdfeff,ralf_oraoraora,0,"個人或小團隊想快速做出 MVP
Supabase 真的很好用

以前架個 API 加資料庫要搞半天
",2026-01-09 12:07:26+00,2026-01-10 14:15:00+00,1567.5666666666666667,4749,74,28,2,0,2,0,0,0,0,0.0000,3.4323
7b401ab4-2ec4-4484-b214-fabeb3bdfeff,ralf_oraoraora,0,"個人或小團隊想快速做出 MVP
Supabase 真的很好用

以前架個 API 加資料庫要搞半天
",2026-01-09 12:07:26+00,2026-01-10 14:30:00+00,1582.5666666666666667,4750,74,28,2,0,1,0,0,0,0,0.0000,3.4316
7b401ab4-2ec4-4484-b214-fabeb3bdfeff,ralf_oraoraora,0,"個人或小團隊想快速做出 MVP
Supabase 真的很好用

以前架個 API 加資料庫要搞半天
",2026-01-09 12:07:26+00,2026-01-10 14:45:00+00,1597.5666666666666667,4750,74,28,2,0,0,0,0,0,0,0,3.4316
7b401ab4-2ec4-4484-b214-fabeb3bdfeff,ralf_oraoraora,0,"個人或小團隊想快速做出 MVP
Supabase 真的很好用

以前架個 API 加資料庫要搞半天
",2026-01-09 12:07:26+00,2026-01-10 15:00:00+00,1612.5666666666666667,4754,74,28,2,0,4,0,0,0,0,0.0000,3.4287
7b401ab4-2ec4-4484-b214-fabeb3bdfeff,ralf_oraoraora,0,"個人或小團隊想快速做出 MVP
Supabase 真的很好用

以前架個 API 加資料庫要搞半天
",2026-01-09 12:07:26+00,2026-01-10 15:15:00+00,1627.5666666666666667,4756,74,28,2,0,2,0,0,0,0,0.0000,3.4272
7b401ab4-2ec4-4484-b214-fabeb3bdfeff,ralf_oraoraora,0,"個人或小團隊想快速做出 MVP
Supabase 真的很好用

以前架個 API 加資料庫要搞半天
",2026-01-09 12:07:26+00,2026-01-10 15:30:00+00,1642.5666666666666667,4757,74,28,2,0,1,0,0,0,0,0.0000,3.4265
7b401ab4-2ec4-4484-b214-fabeb3bdfeff,ralf_oraoraora,0,"個人或小團隊想快速做出 MVP
Supabase 真的很好用

以前架個 API 加資料庫要搞半天
",2026-01-09 12:07:26+00,2026-01-10 16:00:00+00,1672.5666666666666667,4759,74,28,2,0,2,0,0,0,0,0.0000,3.4251
7b401ab4-2ec4-4484-b214-fabeb3bdfeff,ralf_oraoraora,0,"個人或小團隊想快速做出 MVP
Supabase 真的很好用

以前架個 API 加資料庫要搞半天
",2026-01-09 12:07:26+00,2026-01-10 16:15:00+00,1687.5666666666666667,4759,74,29,2,0,0,0,1,0,0,0,3.4881
7b401ab4-2ec4-4484-b214-fabeb3bdfeff,ralf_oraoraora,0,"個人或小團隊想快速做出 MVP
Supabase 真的很好用

以前架個 API 加資料庫要搞半天
",2026-01-09 12:07:26+00,2026-01-10 16:30:00+00,1702.5666666666666667,4759,74,30,2,0,0,0,1,0,0,0,3.5512
7b401ab4-2ec4-4484-b214-fabeb3bdfeff,ralf_oraoraora,0,"個人或小團隊想快速做出 MVP
Supabase 真的很好用

以前架個 API 加資料庫要搞半天
",2026-01-09 12:07:26+00,2026-01-10 16:45:00+00,1717.5666666666666667,4761,74,30,2,0,2,0,0,0,0,0.0000,3.5497
7b401ab4-2ec4-4484-b214-fabeb3bdfeff,ralf_oraoraora,0,"個人或小團隊想快速做出 MVP
Supabase 真的很好用

以前架個 API 加資料庫要搞半天
",2026-01-09 12:07:26+00,2026-01-10 17:00:00+00,1732.5666666666666667,4763,74,30,2,0,2,0,0,0,0,0.0000,3.5482
7b401ab4-2ec4-4484-b214-fabeb3bdfeff,ralf_oraoraora,0,"個人或小團隊想快速做出 MVP
Supabase 真的很好用

以前架個 API 加資料庫要搞半天
",2026-01-09 12:07:26+00,2026-01-10 17:15:00+00,1747.5666666666666667,4763,74,30,2,0,0,0,0,0,0,0,3.5482
7b401ab4-2ec4-4484-b214-fabeb3bdfeff,ralf_oraoraora,0,"個人或小團隊想快速做出 MVP
Supabase 真的很好用

以前架個 API 加資料庫要搞半天
",2026-01-09 12:07:26+00,2026-01-10 17:30:00+00,1762.5666666666666667,4763,74,30,2,0,0,0,0,0,0,0,3.5482
7b401ab4-2ec4-4484-b214-fabeb3bdfeff,ralf_oraoraora,0,"個人或小團隊想快速做出 MVP
Supabase 真的很好用

以前架個 API 加資料庫要搞半天
",2026-01-09 12:07:26+00,2026-01-10 17:45:00+00,1777.5666666666666667,4764,74,30,2,0,1,0,0,0,0,0.0000,3.5474
7b401ab4-2ec4-4484-b214-fabeb3bdfeff,ralf_oraoraora,0,"個人或小團隊想快速做出 MVP
Supabase 真的很好用

以前架個 API 加資料庫要搞半天
",2026-01-09 12:07:26+00,2026-01-10 18:00:00+00,1792.5666666666666667,4769,74,30,2,0,5,0,0,0,0,0.0000,3.5437
7b401ab4-2ec4-4484-b214-fabeb3bdfeff,ralf_oraoraora,0,"個人或小團隊想快速做出 MVP
Supabase 真的很好用

以前架個 API 加資料庫要搞半天
",2026-01-09 12:07:26+00,2026-01-10 18:15:00+00,1807.5666666666666667,4769,74,30,2,0,0,0,0,0,0,0,3.5437
7b401ab4-2ec4-4484-b214-fabeb3bdfeff,ralf_oraoraora,0,"個人或小團隊想快速做出 MVP
Supabase 真的很好用

以前架個 API 加資料庫要搞半天
",2026-01-09 12:07:26+00,2026-01-10 18:30:00+00,1822.5666666666666667,4769,74,30,2,0,0,0,0,0,0,0,3.5437
7b401ab4-2ec4-4484-b214-fabeb3bdfeff,ralf_oraoraora,0,"個人或小團隊想快速做出 MVP
Supabase 真的很好用

以前架個 API 加資料庫要搞半天
",2026-01-09 12:07:26+00,2026-01-10 18:45:00+00,1837.5666666666666667,4769,74,30,2,0,0,0,0,0,0,0,3.5437
7b401ab4-2ec4-4484-b214-fabeb3bdfeff,ralf_oraoraora,0,"個人或小團隊想快速做出 MVP
Supabase 真的很好用

以前架個 API 加資料庫要搞半天
",2026-01-09 12:07:26+00,2026-01-10 19:00:00+00,1852.5666666666666667,4769,74,30,2,0,0,0,0,0,0,0,3.5437
7b401ab4-2ec4-4484-b214-fabeb3bdfeff,ralf_oraoraora,0,"個人或小團隊想快速做出 MVP
Supabase 真的很好用

以前架個 API 加資料庫要搞半天
",2026-01-09 12:07:26+00,2026-01-10 19:15:00+00,1867.5666666666666667,4769,74,30,2,0,0,0,0,0,0,0,3.5437
7b401ab4-2ec4-4484-b214-fabeb3bdfeff,ralf_oraoraora,0,"個人或小團隊想快速做出 MVP
Supabase 真的很好用

以前架個 API 加資料庫要搞半天
",2026-01-09 12:07:26+00,2026-01-10 19:30:00+00,1882.5666666666666667,4770,74,30,2,0,1,0,0,0,0,0.0000,3.5430
7b401ab4-2ec4-4484-b214-fabeb3bdfeff,ralf_oraoraora,0,"個人或小團隊想快速做出 MVP
Supabase 真的很好用

以前架個 API 加資料庫要搞半天
",2026-01-09 12:07:26+00,2026-01-10 19:45:00+00,1897.5666666666666667,4770,74,30,2,0,0,0,0,0,0,0,3.5430
7b401ab4-2ec4-4484-b214-fabeb3bdfeff,ralf_oraoraora,0,"個人或小團隊想快速做出 MVP
Supabase 真的很好用

以前架個 API 加資料庫要搞半天
",2026-01-09 12:07:26+00,2026-01-10 20:00:00+00,1912.5666666666666667,4770,74,30,2,0,0,0,0,0,0,0,3.5430
7b401ab4-2ec4-4484-b214-fabeb3bdfeff,ralf_oraoraora,0,"個人或小團隊想快速做出 MVP
Supabase 真的很好用

以前架個 API 加資料庫要搞半天
",2026-01-09 12:07:26+00,2026-01-10 20:15:00+00,1927.5666666666666667,4771,74,30,2,0,1,0,0,0,0,0.0000,3.5422
7b401ab4-2ec4-4484-b214-fabeb3bdfeff,ralf_oraoraora,0,"個人或小團隊想快速做出 MVP
Supabase 真的很好用

以前架個 API 加資料庫要搞半天
",2026-01-09 12:07:26+00,2026-01-10 20:30:00+00,1942.5666666666666667,4771,74,30,2,0,0,0,0,0,0,0,3.5422
7b401ab4-2ec4-4484-b214-fabeb3bdfeff,ralf_oraoraora,0,"個人或小團隊想快速做出 MVP
Supabase 真的很好用

以前架個 API 加資料庫要搞半天
",2026-01-09 12:07:26+00,2026-01-10 20:45:00+00,1957.5666666666666667,4773,74,30,2,0,2,0,0,0,0,0.0000,3.5408
7b401ab4-2ec4-4484-b214-fabeb3bdfeff,ralf_oraoraora,0,"個人或小團隊想快速做出 MVP
Supabase 真的很好用

以前架個 API 加資料庫要搞半天
",2026-01-09 12:07:26+00,2026-01-10 21:00:00+00,1972.5666666666666667,4773,74,30,2,0,0,0,0,0,0,0,3.5408
7b401ab4-2ec4-4484-b214-fabeb3bdfeff,ralf_oraoraora,0,"個人或小團隊想快速做出 MVP
Supabase 真的很好用

以前架個 API 加資料庫要搞半天
",2026-01-09 12:07:26+00,2026-01-10 21:15:00+00,1987.5666666666666667,4773,74,30,2,0,0,0,0,0,0,0,3.5408
7b401ab4-2ec4-4484-b214-fabeb3bdfeff,ralf_oraoraora,0,"個人或小團隊想快速做出 MVP
Supabase 真的很好用

以前架個 API 加資料庫要搞半天
",2026-01-09 12:07:26+00,2026-01-10 21:30:00+00,2002.5666666666666667,4774,74,30,2,0,1,0,0,0,0,0.0000,3.5400
7b401ab4-2ec4-4484-b214-fabeb3bdfeff,ralf_oraoraora,0,"個人或小團隊想快速做出 MVP
Supabase 真的很好用

以前架個 API 加資料庫要搞半天
",2026-01-09 12:07:26+00,2026-01-10 21:45:00+00,2017.5666666666666667,4775,74,30,2,0,1,0,0,0,0,0.0000,3.5393
7b401ab4-2ec4-4484-b214-fabeb3bdfeff,ralf_oraoraora,0,"個人或小團隊想快速做出 MVP
Supabase 真的很好用

以前架個 API 加資料庫要搞半天
",2026-01-09 12:07:26+00,2026-01-10 22:00:00+00,2032.5666666666666667,4777,74,30,2,0,2,0,0,0,0,0.0000,3.5378
7b401ab4-2ec4-4484-b214-fabeb3bdfeff,ralf_oraoraora,0,"個人或小團隊想快速做出 MVP
Supabase 真的很好用

以前架個 API 加資料庫要搞半天
",2026-01-09 12:07:26+00,2026-01-10 22:15:00+00,2047.5666666666666667,4777,74,30,2,0,0,0,0,0,0,0,3.5378
7b401ab4-2ec4-4484-b214-fabeb3bdfeff,ralf_oraoraora,0,"個人或小團隊想快速做出 MVP
Supabase 真的很好用

以前架個 API 加資料庫要搞半天
",2026-01-09 12:07:26+00,2026-01-10 22:30:00+00,2062.5666666666666667,4777,74,30,2,0,0,0,0,0,0,0,3.5378
7b401ab4-2ec4-4484-b214-fabeb3bdfeff,ralf_oraoraora,0,"個人或小團隊想快速做出 MVP
Supabase 真的很好用

以前架個 API 加資料庫要搞半天
",2026-01-09 12:07:26+00,2026-01-10 22:45:00+00,2077.5666666666666667,4777,74,30,2,0,0,0,0,0,0,0,3.5378
7b401ab4-2ec4-4484-b214-fabeb3bdfeff,ralf_oraoraora,0,"個人或小團隊想快速做出 MVP
Supabase 真的很好用

以前架個 API 加資料庫要搞半天
",2026-01-09 12:07:26+00,2026-01-10 23:00:00+00,2092.5666666666666667,4778,74,30,2,0,1,0,0,0,0,0.0000,3.5370
7b401ab4-2ec4-4484-b214-fabeb3bdfeff,ralf_oraoraora,0,"個人或小團隊想快速做出 MVP
Supabase 真的很好用

以前架個 API 加資料庫要搞半天
",2026-01-09 12:07:26+00,2026-01-10 23:15:00+00,2107.5666666666666667,4778,74,30,2,0,0,0,0,0,0,0,3.5370
7b401ab4-2ec4-4484-b214-fabeb3bdfeff,ralf_oraoraora,0,"個人或小團隊想快速做出 MVP
Supabase 真的很好用

以前架個 API 加資料庫要搞半天
",2026-01-09 12:07:26+00,2026-01-10 23:30:00+00,2122.5666666666666667,4779,74,30,2,0,1,0,0,0,0,0.0000,3.5363
7b401ab4-2ec4-4484-b214-fabeb3bdfeff,ralf_oraoraora,0,"個人或小團隊想快速做出 MVP
Supabase 真的很好用

以前架個 API 加資料庫要搞半天
",2026-01-09 12:07:26+00,2026-01-10 23:45:00+00,2137.5666666666666667,4779,74,30,2,0,0,0,0,0,0,0,3.5363
7b401ab4-2ec4-4484-b214-fabeb3bdfeff,ralf_oraoraora,0,"個人或小團隊想快速做出 MVP
Supabase 真的很好用

以前架個 API 加資料庫要搞半天
",2026-01-09 12:07:26+00,2026-01-11 00:00:00+00,2152.5666666666666667,4779,74,30,2,0,0,0,0,0,0,0,3.5363
7b401ab4-2ec4-4484-b214-fabeb3bdfeff,ralf_oraoraora,0,"個人或小團隊想快速做出 MVP
Supabase 真的很好用

以前架個 API 加資料庫要搞半天
",2026-01-09 12:07:26+00,2026-01-11 00:15:00+00,2167.5666666666666667,4782,74,30,2,0,3,0,0,0,0,0.0000,3.5341
7b401ab4-2ec4-4484-b214-fabeb3bdfeff,ralf_oraoraora,0,"個人或小團隊想快速做出 MVP
Supabase 真的很好用

以前架個 API 加資料庫要搞半天
",2026-01-09 12:07:26+00,2026-01-11 00:30:00+00,2182.5666666666666667,4783,74,30,2,0,1,0,0,0,0,0.0000,3.5333
7b401ab4-2ec4-4484-b214-fabeb3bdfeff,ralf_oraoraora,0,"個人或小團隊想快速做出 MVP
Supabase 真的很好用

以前架個 API 加資料庫要搞半天
",2026-01-09 12:07:26+00,2026-01-11 00:45:00+00,2197.5666666666666667,4783,74,30,2,0,0,0,0,0,0,0,3.5333
7b401ab4-2ec4-4484-b214-fabeb3bdfeff,ralf_oraoraora,0,"個人或小團隊想快速做出 MVP
Supabase 真的很好用

以前架個 API 加資料庫要搞半天
",2026-01-09 12:07:26+00,2026-01-11 01:00:00+00,2212.5666666666666667,4783,74,30,2,0,0,0,0,0,0,0,3.5333
7b401ab4-2ec4-4484-b214-fabeb3bdfeff,ralf_oraoraora,0,"個人或小團隊想快速做出 MVP
Supabase 真的很好用

以前架個 API 加資料庫要搞半天
",2026-01-09 12:07:26+00,2026-01-11 01:15:00+00,2227.5666666666666667,4783,74,30,2,0,0,0,0,0,0,0,3.5333
7b401ab4-2ec4-4484-b214-fabeb3bdfeff,ralf_oraoraora,0,"個人或小團隊想快速做出 MVP
Supabase 真的很好用

以前架個 API 加資料庫要搞半天
",2026-01-09 12:07:26+00,2026-01-11 01:30:00+00,2242.5666666666666667,4783,74,30,2,0,0,0,0,0,0,0,3.5333
7b401ab4-2ec4-4484-b214-fabeb3bdfeff,ralf_oraoraora,0,"個人或小團隊想快速做出 MVP
Supabase 真的很好用

以前架個 API 加資料庫要搞半天
",2026-01-09 12:07:26+00,2026-01-11 01:45:00+00,2257.5666666666666667,4784,74,30,2,0,1,0,0,0,0,0.0000,3.5326
7b401ab4-2ec4-4484-b214-fabeb3bdfeff,ralf_oraoraora,0,"個人或小團隊想快速做出 MVP
Supabase 真的很好用

以前架個 API 加資料庫要搞半天
",2026-01-09 12:07:26+00,2026-01-11 02:00:00+00,2272.5666666666666667,4784,74,30,2,0,0,0,0,0,0,0,3.5326
7b401ab4-2ec4-4484-b214-fabeb3bdfeff,ralf_oraoraora,0,"個人或小團隊想快速做出 MVP
Supabase 真的很好用

以前架個 API 加資料庫要搞半天
",2026-01-09 12:07:26+00,2026-01-11 02:15:00+00,2287.5666666666666667,4784,74,30,2,0,0,0,0,0,0,0,3.5326
7b401ab4-2ec4-4484-b214-fabeb3bdfeff,ralf_oraoraora,0,"個人或小團隊想快速做出 MVP
Supabase 真的很好用

以前架個 API 加資料庫要搞半天
",2026-01-09 12:07:26+00,2026-01-11 02:30:00+00,2302.5666666666666667,4785,74,30,2,0,1,0,0,0,0,0.0000,3.5319
7b401ab4-2ec4-4484-b214-fabeb3bdfeff,ralf_oraoraora,0,"個人或小團隊想快速做出 MVP
Supabase 真的很好用

以前架個 API 加資料庫要搞半天
",2026-01-09 12:07:26+00,2026-01-11 02:45:00+00,2317.5666666666666667,4786,74,30,2,0,1,0,0,0,0,0.0000,3.5311
7b401ab4-2ec4-4484-b214-fabeb3bdfeff,ralf_oraoraora,0,"個人或小團隊想快速做出 MVP
Supabase 真的很好用

以前架個 API 加資料庫要搞半天
",2026-01-09 12:07:26+00,2026-01-11 03:00:00+00,2332.5666666666666667,4786,74,30,2,0,0,0,0,0,0,0,3.5311
7b401ab4-2ec4-4484-b214-fabeb3bdfeff,ralf_oraoraora,0,"個人或小團隊想快速做出 MVP
Supabase 真的很好用

以前架個 API 加資料庫要搞半天
",2026-01-09 12:07:26+00,2026-01-11 03:15:00+00,2347.5666666666666667,4787,74,30,2,0,1,0,0,0,0,0.0000,3.5304
7b401ab4-2ec4-4484-b214-fabeb3bdfeff,ralf_oraoraora,0,"個人或小團隊想快速做出 MVP
Supabase 真的很好用

以前架個 API 加資料庫要搞半天
",2026-01-09 12:07:26+00,2026-01-11 03:30:00+00,2362.5666666666666667,4787,74,30,2,0,0,0,0,0,0,0,3.5304
7b401ab4-2ec4-4484-b214-fabeb3bdfeff,ralf_oraoraora,0,"個人或小團隊想快速做出 MVP
Supabase 真的很好用

以前架個 API 加資料庫要搞半天
",2026-01-09 12:07:26+00,2026-01-11 03:45:00+00,2377.5666666666666667,4787,74,30,2,0,0,0,0,0,0,0,3.5304
7b401ab4-2ec4-4484-b214-fabeb3bdfeff,ralf_oraoraora,0,"個人或小團隊想快速做出 MVP
Supabase 真的很好用

以前架個 API 加資料庫要搞半天
",2026-01-09 12:07:26+00,2026-01-11 04:00:00+00,2392.5666666666666667,4788,74,30,2,0,1,0,0,0,0,0.0000,3.5297
7b401ab4-2ec4-4484-b214-fabeb3bdfeff,ralf_oraoraora,0,"個人或小團隊想快速做出 MVP
Supabase 真的很好用

以前架個 API 加資料庫要搞半天
",2026-01-09 12:07:26+00,2026-01-11 04:15:00+00,2407.5666666666666667,4788,74,30,2,0,0,0,0,0,0,0,3.5297
7b401ab4-2ec4-4484-b214-fabeb3bdfeff,ralf_oraoraora,0,"個人或小團隊想快速做出 MVP
Supabase 真的很好用

以前架個 API 加資料庫要搞半天
",2026-01-09 12:07:26+00,2026-01-11 04:30:00+00,2422.5666666666666667,4788,74,30,2,0,0,0,0,0,0,0,3.5297
7b401ab4-2ec4-4484-b214-fabeb3bdfeff,ralf_oraoraora,0,"個人或小團隊想快速做出 MVP
Supabase 真的很好用

以前架個 API 加資料庫要搞半天
",2026-01-09 12:07:26+00,2026-01-11 04:45:00+00,2437.5666666666666667,4788,74,30,2,0,0,0,0,0,0,0,3.5297
7b401ab4-2ec4-4484-b214-fabeb3bdfeff,ralf_oraoraora,0,"個人或小團隊想快速做出 MVP
Supabase 真的很好用

以前架個 API 加資料庫要搞半天
",2026-01-09 12:07:26+00,2026-01-11 05:00:00+00,2452.5666666666666667,4788,74,30,2,0,0,0,0,0,0,0,3.5297
7b401ab4-2ec4-4484-b214-fabeb3bdfeff,ralf_oraoraora,0,"個人或小團隊想快速做出 MVP
Supabase 真的很好用

以前架個 API 加資料庫要搞半天
",2026-01-09 12:07:26+00,2026-01-11 05:30:00+00,2482.5666666666666667,4790,74,30,2,0,2,0,0,0,0,0.0000,3.5282
7b401ab4-2ec4-4484-b214-fabeb3bdfeff,ralf_oraoraora,0,"個人或小團隊想快速做出 MVP
Supabase 真的很好用

以前架個 API 加資料庫要搞半天
",2026-01-09 12:07:26+00,2026-01-11 06:00:00+00,2512.5666666666666667,4790,74,30,2,0,0,0,0,0,0,0,3.5282
7b401ab4-2ec4-4484-b214-fabeb3bdfeff,ralf_oraoraora,0,"個人或小團隊想快速做出 MVP
Supabase 真的很好用

以前架個 API 加資料庫要搞半天
",2026-01-09 12:07:26+00,2026-01-11 06:15:00+00,2527.5666666666666667,4790,74,30,2,0,0,0,0,0,0,0,3.5282
7b401ab4-2ec4-4484-b214-fabeb3bdfeff,ralf_oraoraora,0,"個人或小團隊想快速做出 MVP
Supabase 真的很好用

以前架個 API 加資料庫要搞半天
",2026-01-09 12:07:26+00,2026-01-11 06:45:00+00,2557.5666666666666667,4793,74,30,2,0,3,0,0,0,0,0.0000,3.5260
7b401ab4-2ec4-4484-b214-fabeb3bdfeff,ralf_oraoraora,0,"個人或小團隊想快速做出 MVP
Supabase 真的很好用

以前架個 API 加資料庫要搞半天
",2026-01-09 12:07:26+00,2026-01-11 07:00:00+00,2572.5666666666666667,4793,74,30,2,0,0,0,0,0,0,0,3.5260
7b401ab4-2ec4-4484-b214-fabeb3bdfeff,ralf_oraoraora,0,"個人或小團隊想快速做出 MVP
Supabase 真的很好用

以前架個 API 加資料庫要搞半天
",2026-01-09 12:07:26+00,2026-01-11 07:30:00+00,2602.5666666666666667,4794,74,30,2,0,1,0,0,0,0,0.0000,3.5252
7b401ab4-2ec4-4484-b214-fabeb3bdfeff,ralf_oraoraora,0,"個人或小團隊想快速做出 MVP
Supabase 真的很好用

以前架個 API 加資料庫要搞半天
",2026-01-09 12:07:26+00,2026-01-11 08:00:00+00,2632.5666666666666667,4795,74,30,2,0,1,0,0,0,0,0.0000,3.5245
7b401ab4-2ec4-4484-b214-fabeb3bdfeff,ralf_oraoraora,0,"個人或小團隊想快速做出 MVP
Supabase 真的很好用

以前架個 API 加資料庫要搞半天
",2026-01-09 12:07:26+00,2026-01-11 08:15:00+00,2647.5666666666666667,4795,74,30,2,0,0,0,0,0,0,0,3.5245
7b401ab4-2ec4-4484-b214-fabeb3bdfeff,ralf_oraoraora,0,"個人或小團隊想快速做出 MVP
Supabase 真的很好用

以前架個 API 加資料庫要搞半天
",2026-01-09 12:07:26+00,2026-01-11 08:30:00+00,2662.5666666666666667,4795,74,30,2,0,0,0,0,0,0,0,3.5245
7b401ab4-2ec4-4484-b214-fabeb3bdfeff,ralf_oraoraora,0,"個人或小團隊想快速做出 MVP
Supabase 真的很好用

以前架個 API 加資料庫要搞半天
",2026-01-09 12:07:26+00,2026-01-11 08:45:00+00,2677.5666666666666667,4795,74,30,2,0,0,0,0,0,0,0,3.5245
7b401ab4-2ec4-4484-b214-fabeb3bdfeff,ralf_oraoraora,0,"個人或小團隊想快速做出 MVP
Supabase 真的很好用

以前架個 API 加資料庫要搞半天
",2026-01-09 12:07:26+00,2026-01-11 09:00:00+00,2692.5666666666666667,4795,74,30,2,0,0,0,0,0,0,0,3.5245
7b401ab4-2ec4-4484-b214-fabeb3bdfeff,ralf_oraoraora,0,"個人或小團隊想快速做出 MVP
Supabase 真的很好用

以前架個 API 加資料庫要搞半天
",2026-01-09 12:07:26+00,2026-01-11 09:15:00+00,2707.5666666666666667,4795,74,30,2,0,0,0,0,0,0,0,3.5245
7b401ab4-2ec4-4484-b214-fabeb3bdfeff,ralf_oraoraora,0,"個人或小團隊想快速做出 MVP
Supabase 真的很好用

以前架個 API 加資料庫要搞半天
",2026-01-09 12:07:26+00,2026-01-11 09:30:00+00,2722.5666666666666667,4800,74,30,2,0,5,0,0,0,0,0.0000,3.5208
7b401ab4-2ec4-4484-b214-fabeb3bdfeff,ralf_oraoraora,0,"個人或小團隊想快速做出 MVP
Supabase 真的很好用

以前架個 API 加資料庫要搞半天
",2026-01-09 12:07:26+00,2026-01-11 09:45:00+00,2737.5666666666666667,4800,74,30,2,0,0,0,0,0,0,0,3.5208
7b401ab4-2ec4-4484-b214-fabeb3bdfeff,ralf_oraoraora,0,"個人或小團隊想快速做出 MVP
Supabase 真的很好用

以前架個 API 加資料庫要搞半天
",2026-01-09 12:07:26+00,2026-01-11 10:00:00+00,2752.5666666666666667,4800,74,30,2,0,0,0,0,0,0,0,3.5208
7b401ab4-2ec4-4484-b214-fabeb3bdfeff,ralf_oraoraora,0,"個人或小團隊想快速做出 MVP
Supabase 真的很好用

以前架個 API 加資料庫要搞半天
",2026-01-09 12:07:26+00,2026-01-11 10:15:00+00,2767.5666666666666667,4800,74,30,2,0,0,0,0,0,0,0,3.5208
7b401ab4-2ec4-4484-b214-fabeb3bdfeff,ralf_oraoraora,0,"個人或小團隊想快速做出 MVP
Supabase 真的很好用

以前架個 API 加資料庫要搞半天
",2026-01-09 12:07:26+00,2026-01-11 10:30:00+00,2782.5666666666666667,4800,74,30,2,0,0,0,0,0,0,0,3.5208
7b401ab4-2ec4-4484-b214-fabeb3bdfeff,ralf_oraoraora,0,"個人或小團隊想快速做出 MVP
Supabase 真的很好用

以前架個 API 加資料庫要搞半天
",2026-01-09 12:07:26+00,2026-01-11 10:45:00+00,2797.5666666666666667,4800,74,30,2,0,0,0,0,0,0,0,3.5208
7b401ab4-2ec4-4484-b214-fabeb3bdfeff,ralf_oraoraora,0,"個人或小團隊想快速做出 MVP
Supabase 真的很好用

以前架個 API 加資料庫要搞半天
",2026-01-09 12:07:26+00,2026-01-11 11:00:00+00,2812.5666666666666667,4800,74,30,2,0,0,0,0,0,0,0,3.5208
7b401ab4-2ec4-4484-b214-fabeb3bdfeff,ralf_oraoraora,0,"個人或小團隊想快速做出 MVP
Supabase 真的很好用

以前架個 API 加資料庫要搞半天
",2026-01-09 12:07:26+00,2026-01-11 11:15:00+00,2827.5666666666666667,4800,74,30,2,0,0,0,0,0,0,0,3.5208
7b401ab4-2ec4-4484-b214-fabeb3bdfeff,ralf_oraoraora,0,"個人或小團隊想快速做出 MVP
Supabase 真的很好用

以前架個 API 加資料庫要搞半天
",2026-01-09 12:07:26+00,2026-01-11 11:30:00+00,2842.5666666666666667,4801,74,30,2,0,1,0,0,0,0,0.0000,3.5201
7b401ab4-2ec4-4484-b214-fabeb3bdfeff,ralf_oraoraora,0,"個人或小團隊想快速做出 MVP
Supabase 真的很好用

以前架個 API 加資料庫要搞半天
",2026-01-09 12:07:26+00,2026-01-11 11:45:00+00,2857.5666666666666667,4801,74,30,2,0,0,0,0,0,0,0,3.5201
7b401ab4-2ec4-4484-b214-fabeb3bdfeff,ralf_oraoraora,0,"個人或小團隊想快速做出 MVP
Supabase 真的很好用

以前架個 API 加資料庫要搞半天
",2026-01-09 12:07:26+00,2026-01-11 12:00:00+00,2872.5666666666666667,4801,74,30,2,0,0,0,0,0,0,0,3.5201
7b401ab4-2ec4-4484-b214-fabeb3bdfeff,ralf_oraoraora,0,"個人或小團隊想快速做出 MVP
Supabase 真的很好用

以前架個 API 加資料庫要搞半天
",2026-01-09 12:07:26+00,2026-01-11 12:15:00+00,2887.5666666666666667,4801,74,30,2,0,0,0,0,0,0,0,3.5201
7b401ab4-2ec4-4484-b214-fabeb3bdfeff,ralf_oraoraora,0,"個人或小團隊想快速做出 MVP
Supabase 真的很好用

以前架個 API 加資料庫要搞半天
",2026-01-09 12:07:26+00,2026-01-11 12:30:00+00,2902.5666666666666667,4802,74,30,2,0,1,0,0,0,0,0.0000,3.5194
7b401ab4-2ec4-4484-b214-fabeb3bdfeff,ralf_oraoraora,0,"個人或小團隊想快速做出 MVP
Supabase 真的很好用

以前架個 API 加資料庫要搞半天
",2026-01-09 12:07:26+00,2026-01-11 12:45:00+00,2917.5666666666666667,4803,74,30,2,0,1,0,0,0,0,0.0000,3.5186
7b401ab4-2ec4-4484-b214-fabeb3bdfeff,ralf_oraoraora,0,"個人或小團隊想快速做出 MVP
Supabase 真的很好用

以前架個 API 加資料庫要搞半天
",2026-01-09 12:07:26+00,2026-01-11 13:00:00+00,2932.5666666666666667,4805,74,30,2,0,2,0,0,0,0,0.0000,3.5172
7b401ab4-2ec4-4484-b214-fabeb3bdfeff,ralf_oraoraora,0,"個人或小團隊想快速做出 MVP
Supabase 真的很好用

以前架個 API 加資料庫要搞半天
",2026-01-09 12:07:26+00,2026-01-11 13:15:00+00,2947.5666666666666667,4806,74,30,2,0,1,0,0,0,0,0.0000,3.5164
7b401ab4-2ec4-4484-b214-fabeb3bdfeff,ralf_oraoraora,0,"個人或小團隊想快速做出 MVP
Supabase 真的很好用

以前架個 API 加資料庫要搞半天
",2026-01-09 12:07:26+00,2026-01-11 13:30:00+00,2962.5666666666666667,4806,74,30,2,0,0,0,0,0,0,0,3.5164
7b401ab4-2ec4-4484-b214-fabeb3bdfeff,ralf_oraoraora,0,"個人或小團隊想快速做出 MVP
Supabase 真的很好用

以前架個 API 加資料庫要搞半天
",2026-01-09 12:07:26+00,2026-01-11 13:45:00+00,2977.5666666666666667,4806,74,30,2,0,0,0,0,0,0,0,3.5164
7b401ab4-2ec4-4484-b214-fabeb3bdfeff,ralf_oraoraora,0,"個人或小團隊想快速做出 MVP
Supabase 真的很好用

以前架個 API 加資料庫要搞半天
",2026-01-09 12:07:26+00,2026-01-11 14:00:00+00,2992.5666666666666667,4806,74,30,2,0,0,0,0,0,0,0,3.5164
7b401ab4-2ec4-4484-b214-fabeb3bdfeff,ralf_oraoraora,0,"個人或小團隊想快速做出 MVP
Supabase 真的很好用

以前架個 API 加資料庫要搞半天
",2026-01-09 12:07:26+00,2026-01-11 14:15:00+00,3007.5666666666666667,4806,74,30,2,0,0,0,0,0,0,0,3.5164
7b401ab4-2ec4-4484-b214-fabeb3bdfeff,ralf_oraoraora,0,"個人或小團隊想快速做出 MVP
Supabase 真的很好用

以前架個 API 加資料庫要搞半天
",2026-01-09 12:07:26+00,2026-01-11 14:30:00+00,3022.5666666666666667,4806,74,30,2,0,0,0,0,0,0,0,3.5164
7b401ab4-2ec4-4484-b214-fabeb3bdfeff,ralf_oraoraora,0,"個人或小團隊想快速做出 MVP
Supabase 真的很好用

以前架個 API 加資料庫要搞半天
",2026-01-09 12:07:26+00,2026-01-11 14:45:00+00,3037.5666666666666667,4806,74,30,2,0,0,0,0,0,0,0,3.5164
7b401ab4-2ec4-4484-b214-fabeb3bdfeff,ralf_oraoraora,0,"個人或小團隊想快速做出 MVP
Supabase 真的很好用

以前架個 API 加資料庫要搞半天
",2026-01-09 12:07:26+00,2026-01-11 15:00:00+00,3052.5666666666666667,4806,74,30,2,0,0,0,0,0,0,0,3.5164